asset,model,cutoff_date,P0,P_pred,predicted_dir,realized_close,actual_dir,correct
GOLD,TSMixer,2025-06-21,3368.1001,3420.4377,long,3273.7,short,0
GOLD,NBEATS,2025-06-21,3368.1001,3335.5928,short,3273.7,short,1
GOLD,NHITS,2025-06-21,3368.1001,3387.6799,long,3273.7,short,0
GOLD,MLP,2025-06-21,3368.1001,3366.5781,short,3273.7,short,1
GOLD,TiDE,2025-06-21,3368.1001,3425.2109,long,3273.7,short,0
GOLD,TimesFM,2025-06-21,3368.1001,3369.4432,long,3273.7,short,0
GOLD,TSMixer,2025-06-28,3273.7,3409.5908,long,3332.5,long,1
GOLD,NBEATS,2025-06-28,3273.7,3276.3484,long,3332.5,long,1
GOLD,NHITS,2025-06-28,3273.7,3295.1819,long,3332.5,long,1
GOLD,MLP,2025-06-28,3273.7,3421.5764,long,3332.5,long,1
GOLD,TiDE,2025-06-28,3273.7,3376.3313,long,3332.5,long,1
GOLD,TimesFM,2025-06-28,3273.7,3263.3158,short,3332.5,long,0
GOLD,TSMixer,2025-07-05,3332.5,3401.5596,long,3356.0,long,1
GOLD,NBEATS,2025-07-05,3332.5,3338.021,long,3356.0,long,1
GOLD,NHITS,2025-07-05,3332.5,3383.4365,long,3356.0,long,1
GOLD,MLP,2025-07-05,3332.5,3355.5879,long,3356.0,long,1
GOLD,TiDE,2025-07-05,3332.5,3377.2515,long,3356.0,long,1
GOLD,TimesFM,2025-07-05,3332.5,3332.4834,short,3356.0,long,0
GOLD,TSMixer,2025-07-12,3356.0,3362.5471,long,3353.0,short,0
GOLD,NBEATS,2025-07-12,3356.0,3414.8818,long,3353.0,short,0
GOLD,NHITS,2025-07-12,3356.0,3488.5542,long,3353.0,short,0
GOLD,MLP,2025-07-12,3356.0,3400.6616,long,3353.0,short,0
GOLD,TiDE,2025-07-12,3356.0,3474.4253,long,3353.0,short,0
GOLD,TimesFM,2025-07-12,3356.0,3347.0263,short,3353.0,short,1
GOLD,TSMixer,2025-07-19,3353.0,3487.729,long,3334.0,short,0
GOLD,NBEATS,2025-07-19,3353.0,3368.0679,long,3334.0,short,0
GOLD,NHITS,2025-07-19,3353.0,3409.3677,long,3334.0,short,0
GOLD,MLP,2025-07-19,3353.0,3450.332,long,3334.0,short,0
GOLD,TiDE,2025-07-19,3353.0,3515.1821,long,3334.0,short,0
GOLD,TimesFM,2025-07-19,3353.0,3350.5152,short,3334.0,short,1
GOLD,TSMixer,2025-07-26,3334.0,3596.4189,long,3347.7,long,1
GOLD,NBEATS,2025-07-26,3334.0,3290.5469,short,3347.7,long,0
GOLD,NHITS,2025-07-26,3334.0,3323.6531,short,3347.7,long,0
GOLD,MLP,2025-07-26,3334.0,3450.4468,long,3347.7,long,1
GOLD,TiDE,2025-07-26,3334.0,3495.3574,long,3347.7,long,1
GOLD,TimesFM,2025-07-26,3334.0,3327.3758,short,3347.7,long,0
GOLD,TSMixer,2025-08-02,3347.7,3400.0715,long,3439.1001,long,1
GOLD,NBEATS,2025-08-02,3347.7,3325.5854,short,3439.1001,long,0
GOLD,NHITS,2025-08-02,3347.7,3310.4624,short,3439.1001,long,0
GOLD,MLP,2025-08-02,3347.7,3445.8428,long,3439.1001,long,1
GOLD,TiDE,2025-08-02,3347.7,3380.3154,long,3439.1001,long,1
GOLD,TimesFM,2025-08-02,3347.7,3342.5436,short,3439.1001,long,0
GOLD,TSMixer,2025-08-09,3439.1001,3593.3691,long,3336.0,short,0
GOLD,NBEATS,2025-08-09,3439.1001,3429.792,short,3336.0,short,1
GOLD,NHITS,2025-08-09,3439.1001,3414.1777,short,3336.0,short,1
GOLD,MLP,2025-08-09,3439.1001,3464.9231,long,3336.0,short,0
GOLD,TiDE,2025-08-09,3439.1001,3394.1667,short,3336.0,short,1
GOLD,TimesFM,2025-08-09,3439.1001,3436.2849,short,3336.0,short,1
GOLD,TSMixer,2025-08-16,3336.0,3448.198,long,3374.3999,long,1
GOLD,NBEATS,2025-08-16,3336.0,3421.0017,long,3374.3999,long,1
GOLD,NHITS,2025-08-16,3336.0,3472.345,long,3374.3999,long,1
GOLD,MLP,2025-08-16,3336.0,3482.7065,long,3374.3999,long,1
GOLD,TiDE,2025-08-16,3336.0,3389.3218,long,3374.3999,long,1
GOLD,TimesFM,2025-08-16,3336.0,3333.0107,short,3374.3999,long,0
GOLD,TSMixer,2025-08-23,3374.3999,3414.8098,long,3473.7,long,1
GOLD,NBEATS,2025-08-23,3374.3999,3417.0374,long,3473.7,long,1
GOLD,NHITS,2025-08-23,3374.3999,3423.4006,long,3473.7,long,1
GOLD,MLP,2025-08-23,3374.3999,3406.4026,long,3473.7,long,1
GOLD,TiDE,2025-08-23,3374.3999,3398.0955,long,3473.7,long,1
GOLD,TimesFM,2025-08-23,3374.3999,3369.8322,short,3473.7,long,0
GOLD,TSMixer,2025-08-30,3473.7,3490.7234,long,3613.2,long,1
GOLD,NBEATS,2025-08-30,3473.7,3370.8789,short,3613.2,long,0
GOLD,NHITS,2025-08-30,3473.7,3381.4995,short,3613.2,long,0
GOLD,MLP,2025-08-30,3473.7,3388.8398,short,3613.2,long,0
GOLD,TiDE,2025-08-30,3473.7,3450.301,short,3613.2,long,0
GOLD,TimesFM,2025-08-30,3473.7,3452.9663,short,3613.2,long,0
GOLD,TSMixer,2025-09-06,3613.2,3549.8174,short,3649.3999,long,0
GOLD,NBEATS,2025-09-06,3613.2,3523.8472,short,3649.3999,long,0
GOLD,NHITS,2025-09-06,3613.2,3433.0203,short,3649.3999,long,0
GOLD,MLP,2025-09-06,3613.2,3480.0107,short,3649.3999,long,0
GOLD,TiDE,2025-09-06,3613.2,3505.5259,short,3649.3999,long,0
GOLD,TimesFM,2025-09-06,3613.2,3603.8602,short,3649.3999,long,0
GOLD,TSMixer,2025-09-13,3649.3999,3611.3096,short,3671.5,long,0
GOLD,NBEATS,2025-09-13,3649.3999,3691.0005,long,3671.5,long,1
GOLD,NHITS,2025-09-13,3649.3999,3574.4041,short,3671.5,long,0
GOLD,MLP,2025-09-13,3649.3999,3682.4077,long,3671.5,long,1
GOLD,TiDE,2025-09-13,3649.3999,3591.8899,short,3671.5,long,0
GOLD,TimesFM,2025-09-13,3649.3999,3631.8305,short,3671.5,long,0
GOLD,TSMixer,2025-09-20,3671.5,3618.521,short,3775.3,long,0
GOLD,NBEATS,2025-09-20,3671.5,3802.4968,long,3775.3,long,1
GOLD,NHITS,2025-09-20,3671.5,3878.9473,long,3775.3,long,1
GOLD,MLP,2025-09-20,3671.5,3752.1626,long,3775.3,long,1
GOLD,TiDE,2025-09-20,3671.5,3661.5737,short,3775.3,long,0
GOLD,TimesFM,2025-09-20,3671.5,3663.0771,short,3775.3,long,0
GOLD,TSMixer,2025-09-27,3775.3,3675.6714,short,3880.8,long,0
GOLD,NBEATS,2025-09-27,3775.3,3956.1636,long,3880.8,long,1
GOLD,NHITS,2025-09-27,3775.3,4030.8057,long,3880.8,long,1
GOLD,MLP,2025-09-27,3775.3,3904.823,long,3880.8,long,1
GOLD,TiDE,2025-09-27,3775.3,3752.7695,short,3880.8,long,0
GOLD,TimesFM,2025-09-27,3775.3,3781.81,long,3880.8,long,1
GOLD,TSMixer,2025-10-04,3880.8,3898.0735,long,3975.8999,long,1
GOLD,NBEATS,2025-10-04,3880.8,3837.1348,short,3975.8999,long,0
GOLD,NHITS,2025-10-04,3880.8,3883.9065,long,3975.8999,long,1
GOLD,MLP,2025-10-04,3880.8,3795.0383,short,3975.8999,long,0
GOLD,TiDE,2025-10-04,3880.8,3782.5972,short,3975.8999,long,0
GOLD,TimesFM,2025-10-04,3880.8,3894.7815,long,3975.8999,long,1
GOLD,TSMixer,2025-10-11,3975.8999,3792.3428,short,4189.8999,long,0
GOLD,NBEATS,2025-10-11,3975.8999,3819.8706,short,4189.8999,long,0
GOLD,NHITS,2025-10-11,3975.8999,3834.2898,short,4189.8999,long,0
GOLD,MLP,2025-10-11,3975.8999,3920.9988,short,4189.8999,long,0
GOLD,TiDE,2025-10-11,3975.8999,3866.96,short,4189.8999,long,0
GOLD,TimesFM,2025-10-11,3975.8999,3977.3531,long,4189.8999,long,1
GOLD,TSMixer,2025-10-18,4189.8999,4059.8965,short,4118.3999,short,1
GOLD,NBEATS,2025-10-18,4189.8999,4016.022,short,4118.3999,short,1
GOLD,NHITS,2025-10-18,4189.8999,3945.0039,short,4118.3999,short,1
GOLD,MLP,2025-10-18,4189.8999,4044.0544,short,4118.3999,short,1
GOLD,TiDE,2025-10-18,4189.8999,4040.0266,short,4118.3999,short,1
GOLD,TimesFM,2025-10-18,4189.8999,4220.1405,long,4118.3999,short,0
GOLD,TSMixer,2025-10-25,4118.3999,3908.769,short,3982.2,short,1
GOLD,NBEATS,2025-10-25,4118.3999,4057.8743,short,3982.2,short,1
GOLD,NHITS,2025-10-25,4118.3999,4068.7007,short,3982.2,short,1
GOLD,MLP,2025-10-25,4118.3999,4259.2363,long,3982.2,short,0
GOLD,TiDE,2025-10-25,4118.3999,4202.1401,long,3982.2,short,0
GOLD,TimesFM,2025-10-25,4118.3999,4122.9171,long,3982.2,short,0
GOLD,TSMixer,2025-11-01,3982.2,3970.353,short,3999.3999,long,0
GOLD,NBEATS,2025-11-01,3982.2,4001.5132,long,3999.3999,long,1
GOLD,NHITS,2025-11-01,3982.2,3947.8018,short,3999.3999,long,0
GOLD,MLP,2025-11-01,3982.2,4229.0078,long,3999.3999,long,1
GOLD,TiDE,2025-11-01,3982.2,4117.0283,long,3999.3999,long,1
GOLD,TimesFM,2025-11-01,3982.2,3981.037,short,3999.3999,long,0
GOLD,TSMixer,2025-11-08,3999.3999,4043.0015,long,4087.6001,long,1
GOLD,NBEATS,2025-11-08,3999.3999,3923.6831,short,4087.6001,long,0
GOLD,NHITS,2025-11-08,3999.3999,3901.1509,short,4087.6001,long,0
GOLD,MLP,2025-11-08,3999.3999,3990.2185,short,4087.6001,long,0
GOLD,TiDE,2025-11-08,3999.3999,4096.7612,long,4087.6001,long,1
GOLD,TimesFM,2025-11-08,3999.3999,4002.6093,long,4087.6001,long,1
GOLD,TSMixer,2025-11-15,4087.6001,4163.0078,long,4076.7,short,0
GOLD,NBEATS,2025-11-15,4087.6001,3968.9478,short,4076.7,short,1
GOLD,NHITS,2025-11-15,4087.6001,3954.9905,short,4076.7,short,1
GOLD,MLP,2025-11-15,4087.6001,4128.6694,long,4076.7,short,0
GOLD,TiDE,2025-11-15,4087.6001,4128.8867,long,4076.7,short,0
GOLD,TimesFM,2025-11-15,4087.6001,4068.6861,short,4076.7,short,1
GOLD,TSMixer,2025-11-22,4076.7,4036.0547,short,4218.2998,long,0
GOLD,NBEATS,2025-11-22,4076.7,3988.2727,short,4218.2998,long,0
GOLD,NHITS,2025-11-22,4076.7,3970.418,short,4218.2998,long,0
GOLD,MLP,2025-11-22,4076.7,4157.4727,long,4218.2998,long,1
GOLD,TiDE,2025-11-22,4076.7,4138.5972,long,4218.2998,long,1
GOLD,TimesFM,2025-11-22,4076.7,4065.4011,short,4218.2998,long,0
GOLD,TSMixer,2025-11-29,4218.2998,4093.085,short,4212.8999,short,1
GOLD,NBEATS,2025-11-29,4218.2998,3982.3716,short,4212.8999,short,1
GOLD,NHITS,2025-11-29,4218.2998,4035.4473,short,4212.8999,short,1
GOLD,MLP,2025-11-29,4218.2998,4161.6348,short,4212.8999,short,1
GOLD,TiDE,2025-11-29,4218.2998,4125.6719,short,4212.8999,short,1
GOLD,TimesFM,2025-11-29,4218.2998,4220.8162,long,4212.8999,short,0
GOLD,TSMixer,2025-12-06,4212.8999,4000.7285,short,4300.1001,long,0
GOLD,NBEATS,2025-12-06,4212.8999,4155.8223,short,4300.1001,long,0
GOLD,NHITS,2025-12-06,4212.8999,4236.3105,long,4300.1001,long,1
GOLD,MLP,2025-12-06,4212.8999,4232.9897,long,4300.1001,long,1
GOLD,TiDE,2025-12-06,4212.8999,4163.9629,short,4300.1001,long,0
GOLD,TimesFM,2025-12-06,4212.8999,4210.6527,short,4300.1001,long,0
GOLD,TSMixer,2025-12-13,4300.1001,4230.1299,short,4361.3999,long,0
GOLD,NBEATS,2025-12-13,4300.1001,4229.0381,short,4361.3999,long,0
GOLD,NHITS,2025-12-13,4300.1001,4314.959,long,4361.3999,long,1
GOLD,MLP,2025-12-13,4300.1001,4315.5132,long,4361.3999,long,1
GOLD,TiDE,2025-12-13,4300.1001,4181.0376,short,4361.3999,long,0
GOLD,TimesFM,2025-12-13,4300.1001,4310.8407,long,4361.3999,long,1
GOLD,TSMixer,2025-12-20,4361.3999,4221.3271,short,4529.1001,long,0
GOLD,NBEATS,2025-12-20,4361.3999,4330.4014,short,4529.1001,long,0
GOLD,NHITS,2025-12-20,4361.3999,4393.8096,long,4529.1001,long,1
GOLD,MLP,2025-12-20,4361.3999,4296.9253,short,4529.1001,long,0
GOLD,TiDE,2025-12-20,4361.3999,4257.8027,short,4529.1001,long,0
GOLD,TimesFM,2025-12-20,4361.3999,4374.1242,long,4529.1001,long,1
GOLD,TSMixer,2025-12-27,4529.1001,4343.8745,short,4314.3999,short,1
GOLD,NBEATS,2025-12-27,4529.1001,4496.7227,short,4314.3999,short,1
GOLD,NHITS,2025-12-27,4529.1001,4462.8984,short,4314.3999,short,1
GOLD,MLP,2025-12-27,4529.1001,4444.0312,short,4314.3999,short,1
GOLD,TiDE,2025-12-27,4529.1001,4401.5483,short,4314.3999,short,1
GOLD,TimesFM,2025-12-27,4529.1001,4567.7487,long,4314.3999,short,0
GOLD,TSMixer,2026-01-03,4314.3999,4285.8643,short,4490.2998,long,0
GOLD,NBEATS,2026-01-03,4314.3999,4364.5117,long,4490.2998,long,1
GOLD,NHITS,2026-01-03,4314.3999,4436.7524,long,4490.2998,long,1
GOLD,MLP,2026-01-03,4314.3999,4469.5708,long,4490.2998,long,1
GOLD,TiDE,2026-01-03,4314.3999,4449.354,long,4490.2998,long,1
GOLD,TimesFM,2026-01-03,4314.3999,4296.011,short,4490.2998,long,0
GOLD,TSMixer,2026-01-10,4490.2998,4454.2612,short,4588.3999,long,0
GOLD,NBEATS,2026-01-10,4490.2998,4496.3628,long,4588.3999,long,1
GOLD,NHITS,2026-01-10,4490.2998,4563.4551,long,4588.3999,long,1
GOLD,MLP,2026-01-10,4490.2998,4475.2852,short,4588.3999,long,0
GOLD,TiDE,2026-01-10,4490.2998,4549.1392,long,4588.3999,long,1
GOLD,TimesFM,2026-01-10,4490.2998,4496.1034,long,4588.3999,long,1
GOLD,TSMixer,2026-01-17,4588.3999,4572.1094,short,4976.2002,long,0
GOLD,NBEATS,2026-01-17,4588.3999,4552.2163,short,4976.2002,long,0
GOLD,NHITS,2026-01-17,4588.3999,4616.8062,long,4976.2002,long,1
GOLD,MLP,2026-01-17,4588.3999,4468.9019,short,4976.2002,long,0
GOLD,TiDE,2026-01-17,4588.3999,4623.375,long,4976.2002,long,1
GOLD,TimesFM,2026-01-17,4588.3999,4594.2841,long,4976.2002,long,1
GOLD,TSMixer,2026-01-24,4976.2002,4797.7305,short,4713.8999,short,1
GOLD,NBEATS,2026-01-24,4976.2002,4827.1123,short,4713.8999,short,1
GOLD,NHITS,2026-01-24,4976.2002,4871.7812,short,4713.8999,short,1
GOLD,MLP,2026-01-24,4976.2002,4639.6802,short,4713.8999,short,1
GOLD,TiDE,2026-01-24,4976.2002,4832.2031,short,4713.8999,short,1
GOLD,TimesFM,2026-01-24,4976.2002,4962.243,short,4713.8999,short,1
GOLD,TSMixer,2026-01-31,4713.8999,4870.4351,long,4951.2002,long,1
GOLD,NBEATS,2026-01-31,4713.8999,4777.7324,long,4951.2002,long,1
GOLD,NHITS,2026-01-31,4713.8999,4766.9756,long,4951.2002,long,1
GOLD,MLP,2026-01-31,4713.8999,4891.4375,long,4951.2002,long,1
GOLD,TiDE,2026-01-31,4713.8999,5035.7749,long,4951.2002,long,1
GOLD,TimesFM,2026-01-31,4713.8999,4687.5075,short,4951.2002,long,0
GOLD,TSMixer,2026-02-07,4951.2002,4977.9956,long,5022.0,long,1
GOLD,NBEATS,2026-02-07,4951.2002,5114.0454,long,5022.0,long,1
GOLD,NHITS,2026-02-07,4951.2002,5214.7949,long,5022.0,long,1
GOLD,MLP,2026-02-07,4951.2002,5001.8604,long,5022.0,long,1
GOLD,TiDE,2026-02-07,4951.2002,5020.2354,long,5022.0,long,1
GOLD,TimesFM,2026-02-07,4951.2002,4968.7949,long,5022.0,long,1
GOLD,TSMixer,2026-02-14,5022.0,4986.6392,short,5059.2998,long,0
GOLD,NBEATS,2026-02-14,5022.0,5052.8477,long,5059.2998,long,1
GOLD,NHITS,2026-02-14,5022.0,5102.0693,long,5059.2998,long,1
GOLD,MLP,2026-02-14,5022.0,5242.5005,long,5059.2998,long,1
GOLD,TiDE,2026-02-14,5022.0,5168.6973,long,5059.2998,long,1
GOLD,TimesFM,2026-02-14,5022.0,5062.5974,long,5059.2998,long,1
GOLD,TSMixer,2026-02-21,5059.2998,5093.1548,long,5230.5,long,1
GOLD,NBEATS,2026-02-21,5059.2998,5231.9971,long,5230.5,long,1
GOLD,NHITS,2026-02-21,5059.2998,5336.6284,long,5230.5,long,1
GOLD,MLP,2026-02-21,5059.2998,5310.3521,long,5230.5,long,1
GOLD,TiDE,2026-02-21,5059.2998,5107.2646,long,5230.5,long,1
GOLD,TimesFM,2026-02-21,5059.2998,5090.8405,long,5230.5,long,1
GOLD,TSMixer,2026-02-28,5230.5,5180.9004,short,5146.1001,short,1
GOLD,NBEATS,2026-02-28,5230.5,5122.8545,short,5146.1001,short,1
GOLD,NHITS,2026-02-28,5230.5,5153.335,short,5146.1001,short,1
GOLD,MLP,2026-02-28,5230.5,5346.6714,long,5146.1001,short,0
GOLD,TiDE,2026-02-28,5230.5,5221.8916,short,5146.1001,short,1
GOLD,TimesFM,2026-02-28,5230.5,5238.605,long,5146.1001,short,0
GOLD,TSMixer,2026-03-07,5146.1001,5248.9795,long,5052.5,short,0
GOLD,NBEATS,2026-03-07,5146.1001,5168.2607,long,5052.5,short,0
GOLD,NHITS,2026-03-07,5146.1001,5225.9253,long,5052.5,short,0
GOLD,MLP,2026-03-07,5146.1001,5253.3799,long,5052.5,short,0
GOLD,TiDE,2026-03-07,5146.1001,5327.7734,long,5052.5,short,0
GOLD,TimesFM,2026-03-07,5146.1001,5136.2149,short,5052.5,short,1
GOLD,TSMixer,2026-03-14,5052.5,5349.6787,long,4570.3999,short,0
GOLD,NBEATS,2026-03-14,5052.5,5182.8525,long,4570.3999,short,0
GOLD,NHITS,2026-03-14,5052.5,5276.4995,long,4570.3999,short,0
GOLD,MLP,2026-03-14,5052.5,5248.0,long,4570.3999,short,0
GOLD,TiDE,2026-03-14,5052.5,5296.4033,long,4570.3999,short,0
GOLD,TimesFM,2026-03-14,5052.5,5055.3149,long,4570.3999,short,0
GOLD,TSMixer,2026-03-21,4570.3999,5173.4038,long,4492.0,short,0
GOLD,NBEATS,2026-03-21,4570.3999,4981.71,long,4492.0,short,0
GOLD,NHITS,2026-03-21,4570.3999,5035.7871,long,4492.0,short,0
GOLD,MLP,2026-03-21,4570.3999,5098.0479,long,4492.0,short,0
GOLD,TiDE,2026-03-21,4570.3999,5181.626,long,4492.0,short,0
GOLD,TimesFM,2026-03-21,4570.3999,4554.0197,short,4492.0,short,1
GOLD,TSMixer,2026-03-28,4492.0,5280.124,long,4651.5,long,1
GOLD,NBEATS,2026-03-28,4492.0,4848.3335,long,4651.5,long,1
GOLD,NHITS,2026-03-28,4492.0,5008.1289,long,4651.5,long,1
GOLD,MLP,2026-03-28,4492.0,4870.8535,long,4651.5,long,1
GOLD,TiDE,2026-03-28,4492.0,4819.5249,long,4651.5,long,1
GOLD,TimesFM,2026-03-28,4492.0,4490.5799,short,4651.5,long,0
GOLD,TSMixer,2026-04-04,4651.5,4941.8184,long,4761.8999,long,1
GOLD,NBEATS,2026-04-04,4651.5,4696.6597,long,4761.8999,long,1
GOLD,NHITS,2026-04-04,4651.5,4821.626,long,4761.8999,long,1
GOLD,MLP,2026-04-04,4651.5,4674.6152,long,4761.8999,long,1
GOLD,TiDE,2026-04-04,4651.5,4726.4663,long,4761.8999,long,1
GOLD,TimesFM,2026-04-04,4651.5,4634.4767,short,4761.8999,long,0
GOLD,TSMixer,2026-04-11,4761.8999,4931.4541,long,4857.6001,long,1
GOLD,NBEATS,2026-04-11,4761.8999,4720.2183,short,4857.6001,long,0
GOLD,NHITS,2026-04-11,4761.8999,5012.3979,long,4857.6001,long,1
GOLD,MLP,2026-04-11,4761.8999,4650.5986,short,4857.6001,long,0
GOLD,TiDE,2026-04-11,4761.8999,4797.6533,long,4857.6001,long,1
GOLD,TimesFM,2026-04-11,4761.8999,4762.1353,long,4857.6001,long,1
GOLD,TSMixer,2026-04-18,4857.6001,5013.6704,long,4722.2998,short,0
GOLD,NBEATS,2026-04-18,4857.6001,4808.355,short,4722.2998,short,1
GOLD,NHITS,2026-04-18,4857.6001,5053.9434,long,4722.2998,short,0
GOLD,MLP,2026-04-18,4857.6001,4654.1025,short,4722.2998,short,1
GOLD,TiDE,2026-04-18,4857.6001,4836.2075,short,4722.2998,short,1
GOLD,TimesFM,2026-04-18,4857.6001,4835.5864,short,4722.2998,short,1
GOLD,TSMixer,2026-04-25,4722.2998,4869.8184,long,4629.8999,short,0
GOLD,NBEATS,2026-04-25,4722.2998,4790.0815,long,4629.8999,short,0
GOLD,NHITS,2026-04-25,4722.2998,5031.8306,long,4629.8999,short,0
GOLD,MLP,2026-04-25,4722.2998,4598.2651,short,4629.8999,short,1
GOLD,TiDE,2026-04-25,4722.2998,4853.8931,long,4629.8999,short,0
GOLD,TimesFM,2026-04-25,4722.2998,4716.346,short,4629.8999,short,1
GOLD,TSMixer,2026-05-02,4629.8999,5046.0742,long,4720.3999,long,1
GOLD,NBEATS,2026-05-02,4629.8999,4791.4907,long,4720.3999,long,1
GOLD,NHITS,2026-05-02,4629.8999,4865.002,long,4720.3999,long,1
GOLD,MLP,2026-05-02,4629.8999,4509.0815,short,4720.3999,long,0
GOLD,TiDE,2026-05-02,4629.8999,4751.4512,long,4720.3999,long,1
GOLD,TimesFM,2026-05-02,4629.8999,4647.9277,long,4720.3999,long,1
GOLD,TSMixer,2026-05-09,4720.3999,4935.2632,long,4555.7998,short,0
GOLD,NBEATS,2026-05-09,4720.3999,4816.2915,long,4555.7998,short,0
GOLD,NHITS,2026-05-09,4720.3999,4858.416,long,4555.7998,short,0
GOLD,MLP,2026-05-09,4720.3999,4549.7793,short,4555.7998,short,1
GOLD,TiDE,2026-05-09,4720.3999,4739.9424,long,4555.7998,short,0
GOLD,TimesFM,2026-05-09,4720.3999,4733.376,long,4555.7998,short,0
GOLD,TSMixer,2026-05-16,4555.7998,5115.5098,long,4521.0,short,0
GOLD,NBEATS,2026-05-16,4555.7998,4746.0518,long,4521.0,short,0
GOLD,NHITS,2026-05-16,4555.7998,4525.2285,short,4521.0,short,1
GOLD,MLP,2026-05-16,4555.7998,4607.498,long,4521.0,short,0
GOLD,TiDE,2026-05-16,4555.7998,4726.8555,long,4521.0,short,0
GOLD,TimesFM,2026-05-16,4555.7998,4560.0918,long,4521.0,short,0
GOLD,TSMixer,2026-05-23,4521.0,4557.0557,long,4560.5,long,1
GOLD,NBEATS,2026-05-23,4521.0,4579.9102,long,4560.5,long,1
GOLD,NHITS,2026-05-23,4521.0,4427.752,short,4560.5,long,0
GOLD,MLP,2026-05-23,4521.0,4566.229,long,4560.5,long,1
GOLD,TiDE,2026-05-23,4521.0,4725.6694,long,4560.5,long,1
GOLD,TimesFM,2026-05-23,4521.0,4516.1018,short,4560.5,long,0
GOLD,TSMixer,2026-05-30,4560.5,4659.2637,long,4337.1001,short,0
GOLD,NBEATS,2026-05-30,4560.5,4630.5356,long,4337.1001,short,0
GOLD,NHITS,2026-05-30,4560.5,4420.4009,short,4337.1001,short,1
GOLD,MLP,2026-05-30,4560.5,4458.3516,short,4337.1001,short,1
GOLD,TiDE,2026-05-30,4560.5,4651.582,long,4337.1001,short,0
GOLD,TimesFM,2026-05-30,4560.5,4568.0085,long,4337.1001,short,0
GOLD,TSMixer,2026-06-06,4337.1001,4360.0605,long,4215.0,short,0
GOLD,NBEATS,2026-06-06,4337.1001,4428.8989,long,4215.0,short,0
GOLD,NHITS,2026-06-06,4337.1001,4299.917,short,4215.0,short,1
GOLD,MLP,2026-06-06,4337.1001,4580.77,long,4215.0,short,0
GOLD,TiDE,2026-06-06,4337.1001,4588.8247,long,4215.0,short,0
GOLD,TimesFM,2026-06-06,4337.1001,4352.2029,long,4215.0,short,0
GOLD,TSMixer,2026-06-13,4215.0,4205.7139,short,4172.8999,short,1
GOLD,NBEATS,2026-06-13,4215.0,4191.936,short,4172.8999,short,1
GOLD,NHITS,2026-06-13,4215.0,4186.0781,short,4172.8999,short,1
GOLD,MLP,2026-06-13,4215.0,4356.5898,long,4172.8999,short,0
GOLD,TiDE,2026-06-13,4215.0,4369.4385,long,4172.8999,short,0
GOLD,TimesFM,2026-06-13,4215.0,4191.5729,short,4172.8999,short,1
SILVER,TSMixer,2025-06-21,35.976,34.932,short,36.037,long,0
SILVER,NBEATS,2025-06-21,35.976,33.9256,short,36.037,long,0
SILVER,NHITS,2025-06-21,35.976,34.7734,short,36.037,long,0
SILVER,MLP,2025-06-21,35.976,35.5729,short,36.037,long,0
SILVER,TiDE,2025-06-21,35.976,34.6475,short,36.037,long,0
SILVER,TimesFM,2025-06-21,35.976,34.9878,short,36.037,long,0
SILVER,TSMixer,2025-06-28,36.037,34.7405,short,36.775,long,0
SILVER,NBEATS,2025-06-28,36.037,35.0979,short,36.775,long,0
SILVER,NHITS,2025-06-28,36.037,35.9206,short,36.775,long,0
SILVER,MLP,2025-06-28,36.037,36.1628,long,36.775,long,1
SILVER,TiDE,2025-06-28,36.037,34.7152,short,36.775,long,0
SILVER,TimesFM,2025-06-28,36.037,35.8762,short,36.775,long,0
SILVER,TSMixer,2025-07-05,36.775,33.8389,short,38.676,long,0
SILVER,NBEATS,2025-07-05,36.775,36.1965,short,38.676,long,0
SILVER,NHITS,2025-07-05,36.775,35.5426,short,38.676,long,0
SILVER,MLP,2025-07-05,36.775,37.0003,long,38.676,long,1
SILVER,TiDE,2025-07-05,36.775,33.7252,short,38.676,long,0
SILVER,TimesFM,2025-07-05,36.775,36.0513,short,38.676,long,0
SILVER,TSMixer,2025-07-12,38.676,35.7038,short,38.223,short,1
SILVER,NBEATS,2025-07-12,38.676,36.8341,short,38.223,short,1
SILVER,NHITS,2025-07-12,38.676,37.679,short,38.223,short,1
SILVER,MLP,2025-07-12,38.676,35.9205,short,38.223,short,1
SILVER,TiDE,2025-07-12,38.676,35.3649,short,38.223,short,1
SILVER,TimesFM,2025-07-12,38.676,37.6347,short,38.223,short,1
SILVER,TSMixer,2025-07-19,38.223,36.3515,short,38.167,short,1
SILVER,NBEATS,2025-07-19,38.223,36.9604,short,38.167,short,1
SILVER,NHITS,2025-07-19,38.223,37.3791,short,38.167,short,1
SILVER,MLP,2025-07-19,38.223,36.4246,short,38.167,short,1
SILVER,TiDE,2025-07-19,38.223,36.9726,short,38.167,short,1
SILVER,TimesFM,2025-07-19,38.223,37.8174,short,38.167,short,1
SILVER,TSMixer,2025-07-26,38.167,37.5709,short,36.787,short,1
SILVER,NBEATS,2025-07-26,38.167,37.4799,short,36.787,short,1
SILVER,NHITS,2025-07-26,38.167,36.6901,short,36.787,short,1
SILVER,MLP,2025-07-26,38.167,37.9676,short,36.787,short,1
SILVER,TiDE,2025-07-26,38.167,37.2153,short,36.787,short,1
SILVER,TimesFM,2025-07-26,38.167,38.0428,short,36.787,short,1
SILVER,TSMixer,2025-08-02,36.787,35.4947,short,38.417,long,0
SILVER,NBEATS,2025-08-02,36.787,36.7802,short,38.417,long,0
SILVER,NHITS,2025-08-02,36.787,36.9341,long,38.417,long,1
SILVER,MLP,2025-08-02,36.787,37.7106,long,38.417,long,1
SILVER,TiDE,2025-08-02,36.787,35.2245,short,38.417,long,0
SILVER,TimesFM,2025-08-02,36.787,35.9004,short,38.417,long,0
SILVER,TSMixer,2025-08-09,38.417,38.0207,short,37.894,short,1
SILVER,NBEATS,2025-08-09,38.417,37.7858,short,37.894,short,1
SILVER,NHITS,2025-08-09,38.417,37.7316,short,37.894,short,1
SILVER,MLP,2025-08-09,38.417,37.7573,short,37.894,short,1
SILVER,TiDE,2025-08-09,38.417,35.7806,short,37.894,short,1
SILVER,TimesFM,2025-08-09,38.417,38.0713,short,37.894,short,1
SILVER,TSMixer,2025-08-16,37.894,38.1987,long,39.003,long,1
SILVER,NBEATS,2025-08-16,37.894,38.2915,long,39.003,long,1
SILVER,NHITS,2025-08-16,37.894,37.8889,short,39.003,long,0
SILVER,MLP,2025-08-16,37.894,37.8549,short,39.003,long,0
SILVER,TiDE,2025-08-16,37.894,37.5812,short,39.003,long,0
SILVER,TimesFM,2025-08-16,37.894,37.0668,short,39.003,long,0
SILVER,TSMixer,2025-08-23,39.003,38.4184,short,40.2,long,0
SILVER,NBEATS,2025-08-23,39.003,37.8654,short,40.2,long,0
SILVER,NHITS,2025-08-23,39.003,39.0305,long,40.2,long,1
SILVER,MLP,2025-08-23,39.003,37.0598,short,40.2,long,0
SILVER,TiDE,2025-08-23,39.003,40.0745,long,40.2,long,1
SILVER,TimesFM,2025-08-23,39.003,38.6776,short,40.2,long,0
SILVER,TSMixer,2025-08-30,40.2,38.5402,short,41.074,long,0
SILVER,NBEATS,2025-08-30,40.2,37.3043,short,41.074,long,0
SILVER,NHITS,2025-08-30,40.2,38.4204,short,41.074,long,0
SILVER,MLP,2025-08-30,40.2,37.1273,short,41.074,long,0
SILVER,TiDE,2025-08-30,40.2,38.1748,short,41.074,long,0
SILVER,TimesFM,2025-08-30,40.2,39.2452,short,41.074,long,0
SILVER,TSMixer,2025-09-06,41.074,38.1633,short,42.387,long,0
SILVER,NBEATS,2025-09-06,41.074,38.8185,short,42.387,long,0
SILVER,NHITS,2025-09-06,41.074,38.3777,short,42.387,long,0
SILVER,MLP,2025-09-06,41.074,39.2255,short,42.387,long,0
SILVER,TiDE,2025-09-06,41.074,38.3507,short,42.387,long,0
SILVER,TimesFM,2025-09-06,41.074,40.496,short,42.387,long,0
SILVER,TSMixer,2025-09-13,42.387,39.1864,short,42.536,long,0
SILVER,NBEATS,2025-09-13,42.387,39.9412,short,42.536,long,0
SILVER,NHITS,2025-09-13,42.387,40.418,short,42.536,long,0
SILVER,MLP,2025-09-13,42.387,41.3935,short,42.536,long,0
SILVER,TiDE,2025-09-13,42.387,38.3251,short,42.536,long,0
SILVER,TimesFM,2025-09-13,42.387,41.4162,short,42.536,long,0
SILVER,TSMixer,2025-09-20,42.536,40.5024,short,46.221,long,0
SILVER,NBEATS,2025-09-20,42.536,40.3045,short,46.221,long,0
SILVER,NHITS,2025-09-20,42.536,42.2082,short,46.221,long,0
SILVER,MLP,2025-09-20,42.536,42.0655,short,46.221,long,0
SILVER,TiDE,2025-09-20,42.536,40.5769,short,46.221,long,0
SILVER,TimesFM,2025-09-20,42.536,41.4601,short,46.221,long,0
SILVER,TSMixer,2025-09-27,46.221,42.1303,short,47.597,long,0
SILVER,NBEATS,2025-09-27,46.221,43.5033,short,47.597,long,0
SILVER,NHITS,2025-09-27,46.221,45.2943,short,47.597,long,0
SILVER,MLP,2025-09-27,46.221,45.133,short,47.597,long,0
SILVER,TiDE,2025-09-27,46.221,42.5289,short,47.597,long,0
SILVER,TimesFM,2025-09-27,46.221,45.263,short,47.597,long,0
SILVER,TSMixer,2025-10-04,47.597,44.6303,short,46.938,short,1
SILVER,NBEATS,2025-10-04,47.597,45.2914,short,46.938,short,1
SILVER,NHITS,2025-10-04,47.597,47.0219,short,46.938,short,1
SILVER,MLP,2025-10-04,47.597,47.5616,short,46.938,short,1
SILVER,TiDE,2025-10-04,47.597,44.827,short,46.938,short,1
SILVER,TimesFM,2025-10-04,47.597,46.8896,short,46.938,short,1
SILVER,TSMixer,2025-10-11,46.938,46.3241,short,49.864,long,0
SILVER,NBEATS,2025-10-11,46.938,44.9944,short,49.864,long,0
SILVER,NHITS,2025-10-11,46.938,47.2703,long,49.864,long,1
SILVER,MLP,2025-10-11,46.938,48.0652,long,49.864,long,1
SILVER,TiDE,2025-10-11,46.938,44.5649,short,49.864,long,0
SILVER,TimesFM,2025-10-11,46.938,45.5609,short,49.864,long,0
SILVER,TSMixer,2025-10-18,49.864,48.6101,short,48.377,short,1
SILVER,NBEATS,2025-10-18,49.864,49.9755,long,48.377,short,0
SILVER,NHITS,2025-10-18,49.864,50.0548,long,48.377,short,0
SILVER,MLP,2025-10-18,49.864,49.9037,long,48.377,short,0
SILVER,TiDE,2025-10-18,49.864,46.7488,short,48.377,short,1
SILVER,TimesFM,2025-10-18,49.864,49.0516,short,48.377,short,1
SILVER,TSMixer,2025-10-25,48.377,50.3839,long,47.994,short,0
SILVER,NBEATS,2025-10-25,48.377,51.7805,long,47.994,short,0
SILVER,NHITS,2025-10-25,48.377,50.0974,long,47.994,short,0
SILVER,MLP,2025-10-25,48.377,48.6095,long,47.994,short,0
SILVER,TiDE,2025-10-25,48.377,47.6344,short,47.994,short,1
SILVER,TimesFM,2025-10-25,48.377,48.0179,short,47.994,short,1
SILVER,TSMixer,2025-11-01,47.994,47.9851,short,48.017,long,0
SILVER,NBEATS,2025-11-01,47.994,51.7531,long,48.017,long,1
SILVER,NHITS,2025-11-01,47.994,47.4111,short,48.017,long,0
SILVER,MLP,2025-11-01,47.994,47.5925,short,48.017,long,0
SILVER,TiDE,2025-11-01,47.994,47.807,short,48.017,long,0
SILVER,TimesFM,2025-11-01,47.994,47.2486,short,48.017,long,0
SILVER,TSMixer,2025-11-08,48.017,47.8966,short,50.59,long,0
SILVER,NBEATS,2025-11-08,48.017,48.4456,long,50.59,long,1
SILVER,NHITS,2025-11-08,48.017,47.1269,short,50.59,long,0
SILVER,MLP,2025-11-08,48.017,47.3642,short,50.59,long,0
SILVER,TiDE,2025-11-08,48.017,46.8085,short,50.59,long,0
SILVER,TimesFM,2025-11-08,48.017,47.6966,short,50.59,long,0
SILVER,TSMixer,2025-11-15,50.59,49.6879,short,49.873,short,1
SILVER,NBEATS,2025-11-15,50.59,50.727,long,49.873,short,0
SILVER,NHITS,2025-11-15,50.59,50.3173,short,49.873,short,1
SILVER,MLP,2025-11-15,50.59,50.3416,short,49.873,short,1
SILVER,TiDE,2025-11-15,50.59,48.5622,short,49.873,short,1
SILVER,TimesFM,2025-11-15,50.59,50.1906,short,49.873,short,1
SILVER,TSMixer,2025-11-22,49.873,48.296,short,56.446,long,0
SILVER,NBEATS,2025-11-22,49.873,50.4203,long,56.446,long,1
SILVER,NHITS,2025-11-22,49.873,51.0811,long,56.446,long,1
SILVER,MLP,2025-11-22,49.873,48.3463,short,56.446,long,0
SILVER,TiDE,2025-11-22,49.873,48.9975,short,56.446,long,0
SILVER,TimesFM,2025-11-22,49.873,48.9655,short,56.446,long,0
SILVER,TSMixer,2025-11-29,56.446,51.4151,short,58.422,long,0
SILVER,NBEATS,2025-11-29,56.446,53.4773,short,58.422,long,0
SILVER,NHITS,2025-11-29,56.446,51.0515,short,58.422,long,0
SILVER,MLP,2025-11-29,56.446,50.3121,short,58.422,long,0
SILVER,TiDE,2025-11-29,56.446,49.8093,short,58.422,long,0
SILVER,TimesFM,2025-11-29,56.446,55.3144,short,58.422,long,0
SILVER,TSMixer,2025-12-06,58.422,51.9906,short,61.362,long,0
SILVER,NBEATS,2025-12-06,58.422,56.5546,short,61.362,long,0
SILVER,NHITS,2025-12-06,58.422,52.448,short,61.362,long,0
SILVER,MLP,2025-12-06,58.422,56.275,short,61.362,long,0
SILVER,TiDE,2025-12-06,58.422,51.336,short,61.362,long,0
SILVER,TimesFM,2025-12-06,58.422,57.7066,short,61.362,long,0
SILVER,TSMixer,2025-12-13,61.362,55.1262,short,66.845,long,0
SILVER,NBEATS,2025-12-13,61.362,62.2009,long,66.845,long,1
SILVER,NHITS,2025-12-13,61.362,56.9104,short,66.845,long,0
SILVER,MLP,2025-12-13,61.362,60.7446,short,66.845,long,0
SILVER,TiDE,2025-12-13,61.362,55.4444,short,66.845,long,0
SILVER,TimesFM,2025-12-13,61.362,60.6541,short,66.845,long,0
SILVER,TSMixer,2025-12-20,66.845,56.1549,short,76.486,long,0
SILVER,NBEATS,2025-12-20,66.845,70.7806,long,76.486,long,1
SILVER,NHITS,2025-12-20,66.845,61.6444,short,76.486,long,0
SILVER,MLP,2025-12-20,66.845,72.3593,long,76.486,long,1
SILVER,TiDE,2025-12-20,66.845,56.9686,short,76.486,long,0
SILVER,TimesFM,2025-12-20,66.845,65.9749,short,76.486,long,0
SILVER,TSMixer,2025-12-27,76.486,59.9825,short,70.556,short,1
SILVER,NBEATS,2025-12-27,76.486,76.5814,long,70.556,short,0
SILVER,NHITS,2025-12-27,76.486,69.1793,short,70.556,short,1
SILVER,MLP,2025-12-27,76.486,78.2223,long,70.556,short,0
SILVER,TiDE,2025-12-27,76.486,61.5288,short,70.556,short,1
SILVER,TimesFM,2025-12-27,76.486,76.5134,long,70.556,short,0
SILVER,TSMixer,2026-01-03,70.556,64.3362,short,78.884,long,0
SILVER,NBEATS,2026-01-03,70.556,81.6168,long,78.884,long,1
SILVER,NHITS,2026-01-03,70.556,72.2775,long,78.884,long,1
SILVER,MLP,2026-01-03,70.556,74.4914,long,78.884,long,1
SILVER,TiDE,2026-01-03,70.556,65.7262,short,78.884,long,0
SILVER,TimesFM,2026-01-03,70.556,69.7064,short,78.884,long,0
SILVER,TSMixer,2026-01-10,78.884,71.6044,short,88.091,long,0
SILVER,NBEATS,2026-01-10,78.884,90.3486,long,88.091,long,1
SILVER,NHITS,2026-01-10,78.884,85.3317,long,88.091,long,1
SILVER,MLP,2026-01-10,78.884,76.4081,short,88.091,long,0
SILVER,TiDE,2026-01-10,78.884,70.9562,short,88.091,long,0
SILVER,TimesFM,2026-01-10,78.884,78.1904,short,88.091,long,0
SILVER,TSMixer,2026-01-17,88.091,82.2052,short,100.925,long,0
SILVER,NBEATS,2026-01-17,88.091,91.3387,long,100.925,long,1
SILVER,NHITS,2026-01-17,88.091,88.7279,long,100.925,long,1
SILVER,MLP,2026-01-17,88.091,86.5878,short,100.925,long,0
SILVER,TiDE,2026-01-17,88.091,76.829,short,100.925,long,0
SILVER,TimesFM,2026-01-17,88.091,86.7963,short,100.925,long,0
SILVER,TSMixer,2026-01-24,100.925,84.2069,short,78.29,short,1
SILVER,NBEATS,2026-01-24,100.925,96.3707,short,78.29,short,1
SILVER,NHITS,2026-01-24,100.925,94.6939,short,78.29,short,1
SILVER,MLP,2026-01-24,100.925,92.9517,short,78.29,short,1
SILVER,TiDE,2026-01-24,100.925,81.1377,short,78.29,short,1
SILVER,TimesFM,2026-01-24,100.925,98.4241,short,78.29,short,1
SILVER,TSMixer,2026-01-31,78.29,102.3965,long,76.735,short,0
SILVER,NBEATS,2026-01-31,78.29,106.1545,long,76.735,short,0
SILVER,NHITS,2026-01-31,78.29,88.707,long,76.735,short,0
SILVER,MLP,2026-01-31,78.29,102.3292,long,76.735,short,0
SILVER,TiDE,2026-01-31,78.29,89.3398,long,76.735,short,0
SILVER,TimesFM,2026-01-31,78.29,80.0759,long,76.735,short,0
SILVER,TSMixer,2026-02-07,76.735,97.1866,long,77.851,long,1
SILVER,NBEATS,2026-02-07,76.735,87.4776,long,77.851,long,1
SILVER,NHITS,2026-02-07,76.735,98.9865,long,77.851,long,1
SILVER,MLP,2026-02-07,76.735,78.2015,long,77.851,long,1
SILVER,TiDE,2026-02-07,76.735,86.6417,long,77.851,long,1
SILVER,TimesFM,2026-02-07,76.735,75.7043,short,77.851,long,0
SILVER,TSMixer,2026-02-14,77.851,85.9828,long,82.283,long,1
SILVER,NBEATS,2026-02-14,77.851,89.3739,long,82.283,long,1
SILVER,NHITS,2026-02-14,77.851,98.411,long,82.283,long,1
SILVER,MLP,2026-02-14,77.851,84.9185,long,82.283,long,1
SILVER,TiDE,2026-02-14,77.851,85.2486,long,82.283,long,1
SILVER,TimesFM,2026-02-14,77.851,77.2721,short,82.283,long,0
SILVER,TSMixer,2026-02-21,82.283,80.3007,short,92.682,long,0
SILVER,NBEATS,2026-02-21,82.283,94.1081,long,92.682,long,1
SILVER,NHITS,2026-02-21,82.283,86.977,long,92.682,long,1
SILVER,MLP,2026-02-21,82.283,88.4217,long,92.682,long,1
SILVER,TiDE,2026-02-21,82.283,85.4622,long,92.682,long,1
SILVER,TimesFM,2026-02-21,82.283,80.9329,short,92.682,long,0
SILVER,TSMixer,2026-02-28,92.682,85.1647,short,83.816,short,1
SILVER,NBEATS,2026-02-28,92.682,107.6833,long,83.816,short,0
SILVER,NHITS,2026-02-28,92.682,90.7911,short,83.816,short,1
SILVER,MLP,2026-02-28,92.682,95.409,long,83.816,short,0
SILVER,TiDE,2026-02-28,92.682,86.3054,short,83.816,short,1
SILVER,TimesFM,2026-02-28,92.682,92.1808,short,83.816,short,1
SILVER,TSMixer,2026-03-07,83.816,87.4697,long,80.914,short,0
SILVER,NBEATS,2026-03-07,83.816,89.1518,long,80.914,short,0
SILVER,NHITS,2026-03-07,83.816,82.3448,short,80.914,short,1
SILVER,MLP,2026-03-07,83.816,90.6828,long,80.914,short,0
SILVER,TiDE,2026-03-07,83.816,83.8078,short,80.914,short,1
SILVER,TimesFM,2026-03-07,83.816,82.203,short,80.914,short,1
SILVER,TSMixer,2026-03-14,80.914,85.8405,long,69.36,short,0
SILVER,NBEATS,2026-03-14,80.914,93.647,long,69.36,short,0
SILVER,NHITS,2026-03-14,80.914,77.4194,short,69.36,short,1
SILVER,MLP,2026-03-14,80.914,83.4961,long,69.36,short,0
SILVER,TiDE,2026-03-14,80.914,80.2915,short,69.36,short,1
SILVER,TimesFM,2026-03-14,80.914,79.5421,short,69.36,short,1
SILVER,TSMixer,2026-03-21,69.36,79.6601,long,69.545,long,1
SILVER,NBEATS,2026-03-21,69.36,83.6139,long,69.545,long,1
SILVER,NHITS,2026-03-21,69.36,74.2773,long,69.545,long,1
SILVER,MLP,2026-03-21,69.36,67.8228,short,69.545,long,0
SILVER,TiDE,2026-03-21,69.36,79.071,long,69.545,long,1
SILVER,TimesFM,2026-03-21,69.36,68.8814,short,69.545,long,0
SILVER,TSMixer,2026-03-28,69.545,75.1866,long,72.735,long,1
SILVER,NBEATS,2026-03-28,69.545,78.9863,long,72.735,long,1
SILVER,NHITS,2026-03-28,69.545,75.6561,long,72.735,long,1
SILVER,MLP,2026-03-28,69.545,68.2815,short,72.735,long,0
SILVER,TiDE,2026-03-28,69.545,77.2232,long,72.735,long,1
SILVER,TimesFM,2026-03-28,69.545,69.0984,short,72.735,long,0
SILVER,TSMixer,2026-04-04,72.735,76.737,long,76.324,long,1
SILVER,NBEATS,2026-04-04,72.735,74.4876,long,76.324,long,1
SILVER,NHITS,2026-04-04,72.735,72.3314,short,76.324,long,0
SILVER,MLP,2026-04-04,72.735,71.0198,short,76.324,long,0
SILVER,TiDE,2026-04-04,72.735,79.1722,long,76.324,long,1
SILVER,TimesFM,2026-04-04,72.735,72.4537,short,76.324,long,0
SILVER,TSMixer,2026-04-11,76.324,76.3416,long,81.738,long,1
SILVER,NBEATS,2026-04-11,76.324,79.2114,long,81.738,long,1
SILVER,NHITS,2026-04-11,76.324,76.7308,long,81.738,long,1
SILVER,MLP,2026-04-11,76.324,79.8459,long,81.738,long,1
SILVER,TiDE,2026-04-11,76.324,77.6028,long,81.738,long,1
SILVER,TimesFM,2026-04-11,76.324,76.1435,short,81.738,long,0
SILVER,TSMixer,2026-04-18,81.738,70.3186,short,76.383,short,1
SILVER,NBEATS,2026-04-18,81.738,78.0246,short,76.383,short,1
SILVER,NHITS,2026-04-18,81.738,75.1816,short,76.383,short,1
SILVER,MLP,2026-04-18,81.738,80.4614,short,76.383,short,1
SILVER,TiDE,2026-04-18,81.738,80.3957,short,76.383,short,1
SILVER,TimesFM,2026-04-18,81.738,80.5164,short,76.383,short,1
SILVER,TSMixer,2026-04-25,76.383,73.8912,short,75.951,short,1
SILVER,NBEATS,2026-04-25,76.383,78.249,long,75.951,short,0
SILVER,NHITS,2026-04-25,76.383,76.6337,long,75.951,short,0
SILVER,MLP,2026-04-25,76.383,79.3455,long,75.951,short,0
SILVER,TiDE,2026-04-25,76.383,80.0714,long,75.951,short,0
SILVER,TimesFM,2026-04-25,76.383,75.266,short,75.951,short,1
SILVER,TSMixer,2026-05-02,75.951,72.521,short,80.395,long,0
SILVER,NBEATS,2026-05-02,75.951,81.1558,long,80.395,long,1
SILVER,NHITS,2026-05-02,75.951,75.328,short,80.395,long,0
SILVER,MLP,2026-05-02,75.951,82.3975,long,80.395,long,1
SILVER,TiDE,2026-05-02,75.951,79.2859,long,80.395,long,1
SILVER,TimesFM,2026-05-02,75.951,74.5834,short,80.395,long,0
SILVER,TSMixer,2026-05-09,80.395,78.3764,short,77.161,short,1
SILVER,NBEATS,2026-05-09,80.395,91.9819,long,77.161,short,0
SILVER,NHITS,2026-05-09,80.395,74.1057,short,77.161,short,1
SILVER,MLP,2026-05-09,80.395,91.0162,long,77.161,short,0
SILVER,TiDE,2026-05-09,80.395,77.1096,short,77.161,short,1
SILVER,TimesFM,2026-05-09,80.395,79.8697,short,77.161,short,1
SILVER,TSMixer,2026-05-16,77.161,81.0652,long,75.893,short,0
SILVER,NBEATS,2026-05-16,77.161,84.0424,long,75.893,short,0
SILVER,NHITS,2026-05-16,77.161,77.3815,long,75.893,short,0
SILVER,MLP,2026-05-16,77.161,84.5849,long,75.893,short,0
SILVER,TiDE,2026-05-16,77.161,81.2455,long,75.893,short,0
SILVER,TimesFM,2026-05-16,77.161,76.3449,short,75.893,short,1
SILVER,TSMixer,2026-05-23,75.893,80.1733,long,75.616,short,0
SILVER,NBEATS,2026-05-23,75.893,79.8316,long,75.616,short,0
SILVER,NHITS,2026-05-23,75.893,86.8841,long,75.616,short,0
SILVER,MLP,2026-05-23,75.893,92.1365,long,75.616,short,0
SILVER,TiDE,2026-05-23,75.893,82.0835,long,75.616,short,0
SILVER,TimesFM,2026-05-23,75.893,74.5009,short,75.616,short,1
SILVER,TSMixer,2026-05-30,75.616,74.5331,short,68.943,short,1
SILVER,NBEATS,2026-05-30,75.616,78.3692,long,68.943,short,0
SILVER,NHITS,2026-05-30,75.616,79.2374,long,68.943,short,0
SILVER,MLP,2026-05-30,75.616,96.0476,long,68.943,short,0
SILVER,TiDE,2026-05-30,75.616,81.4539,long,68.943,short,0
SILVER,TimesFM,2026-05-30,75.616,75.1395,short,68.943,short,1
SILVER,TSMixer,2026-06-06,68.943,76.9547,long,67.859,short,0
SILVER,NBEATS,2026-06-06,68.943,75.5761,long,67.859,short,0
SILVER,NHITS,2026-06-06,68.943,72.6312,long,67.859,short,0
SILVER,MLP,2026-06-06,68.943,91.5722,long,67.859,short,0
SILVER,TiDE,2026-06-06,68.943,78.2569,long,67.859,short,0
SILVER,TimesFM,2026-06-06,68.943,68.5072,short,67.859,short,1
SILVER,TSMixer,2026-06-13,67.859,76.5964,long,64.91,short,0
SILVER,NBEATS,2026-06-13,67.859,73.1955,long,64.91,short,0
SILVER,NHITS,2026-06-13,67.859,74.2703,long,64.91,short,0
SILVER,MLP,2026-06-13,67.859,76.0139,long,64.91,short,0
SILVER,TiDE,2026-06-13,67.859,74.4893,long,64.91,short,0
SILVER,TimesFM,2026-06-13,67.859,66.5615,short,64.91,short,1
BTC,TSMixer,2025-06-21,102257.4062,114273.5547,long,107327.7031,long,1
BTC,NBEATS,2025-06-21,102257.4062,108497.6562,long,107327.7031,long,1
BTC,NHITS,2025-06-21,102257.4062,106734.4688,long,107327.7031,long,1
BTC,MLP,2025-06-21,102257.4062,101780.0469,short,107327.7031,long,0
BTC,TiDE,2025-06-21,102257.4062,110972.7656,long,107327.7031,long,1
BTC,TimesFM,2025-06-21,102257.4062,101934.627,short,107327.7031,long,0
BTC,TSMixer,2025-06-28,107327.7031,113701.1094,long,108231.1797,long,1
BTC,NBEATS,2025-06-28,107327.7031,113754.9844,long,108231.1797,long,1
BTC,NHITS,2025-06-28,107327.7031,109892.5312,long,108231.1797,long,1
BTC,MLP,2025-06-28,107327.7031,105458.1172,short,108231.1797,long,0
BTC,TiDE,2025-06-28,107327.7031,108812.6094,long,108231.1797,long,1
BTC,TimesFM,2025-06-28,107327.7031,106958.1747,short,108231.1797,long,0
BTC,TSMixer,2025-07-05,108231.1797,113066.0078,long,117435.2266,long,1
BTC,NBEATS,2025-07-05,108231.1797,118282.6328,long,117435.2266,long,1
BTC,NHITS,2025-07-05,108231.1797,110431.9844,long,117435.2266,long,1
BTC,MLP,2025-07-05,108231.1797,118319.1562,long,117435.2266,long,1
BTC,TiDE,2025-07-05,108231.1797,111686.8906,long,117435.2266,long,1
BTC,TimesFM,2025-07-05,108231.1797,107496.3387,short,117435.2266,long,0
BTC,TSMixer,2025-07-12,117435.2266,120754.9922,long,117939.9766,long,1
BTC,NBEATS,2025-07-12,117435.2266,121503.8047,long,117939.9766,long,1
BTC,NHITS,2025-07-12,117435.2266,113557.4219,short,117939.9766,long,0
BTC,MLP,2025-07-12,117435.2266,120575.6016,long,117939.9766,long,1
BTC,TiDE,2025-07-12,117435.2266,114415.875,short,117939.9766,long,0
BTC,TimesFM,2025-07-12,117435.2266,116803.1273,short,117939.9766,long,0
BTC,TSMixer,2025-07-19,117939.9766,122104.1797,long,117947.3672,long,1
BTC,NBEATS,2025-07-19,117939.9766,127982.7891,long,117947.3672,long,1
BTC,NHITS,2025-07-19,117939.9766,129223.3125,long,117947.3672,long,1
BTC,MLP,2025-07-19,117939.9766,124517.2422,long,117947.3672,long,1
BTC,TiDE,2025-07-19,117939.9766,117169.1797,short,117947.3672,long,0
BTC,TimesFM,2025-07-19,117939.9766,118082.9146,long,117947.3672,long,1
BTC,TSMixer,2025-07-26,117947.3672,133545.4375,long,112526.9141,short,0
BTC,NBEATS,2025-07-26,117947.3672,126859.9219,long,112526.9141,short,0
BTC,NHITS,2025-07-26,117947.3672,122726.2031,long,112526.9141,short,0
BTC,MLP,2025-07-26,117947.3672,122210.5859,long,112526.9141,short,0
BTC,TiDE,2025-07-26,117947.3672,119245.0938,long,112526.9141,short,0
BTC,TimesFM,2025-07-26,117947.3672,117518.1603,short,112526.9141,short,1
BTC,TSMixer,2025-08-02,112526.9141,125989.2031,long,116500.3594,long,1
BTC,NBEATS,2025-08-02,112526.9141,120783.2578,long,116500.3594,long,1
BTC,NHITS,2025-08-02,112526.9141,120276.6406,long,116500.3594,long,1
BTC,MLP,2025-08-02,112526.9141,117058.7266,long,116500.3594,long,1
BTC,TiDE,2025-08-02,112526.9141,119315.2578,long,116500.3594,long,1
BTC,TimesFM,2025-08-02,112526.9141,111159.5701,short,116500.3594,long,0
BTC,TSMixer,2025-08-09,116500.3594,119159.5391,long,117491.3516,long,1
BTC,NBEATS,2025-08-09,116500.3594,117427.7188,long,117491.3516,long,1
BTC,NHITS,2025-08-09,116500.3594,116297.9141,short,117491.3516,long,0
BTC,MLP,2025-08-09,116500.3594,113864.0781,short,117491.3516,long,0
BTC,TiDE,2025-08-09,116500.3594,120759.7969,long,117491.3516,long,1
BTC,TimesFM,2025-08-09,116500.3594,115748.346,short,117491.3516,long,0
BTC,TSMixer,2025-08-16,117491.3516,120108.7578,long,115374.3281,short,0
BTC,NBEATS,2025-08-16,117491.3516,119079.3594,long,115374.3281,short,0
BTC,NHITS,2025-08-16,117491.3516,122391.3125,long,115374.3281,short,0
BTC,MLP,2025-08-16,117491.3516,108274.3281,short,115374.3281,short,1
BTC,TiDE,2025-08-16,117491.3516,118841.0781,long,115374.3281,short,0
BTC,TimesFM,2025-08-16,117491.3516,116979.8811,short,115374.3281,short,1
BTC,TSMixer,2025-08-23,115374.3281,113070.5078,short,108808.0703,short,1
BTC,NBEATS,2025-08-23,115374.3281,109371.3359,short,108808.0703,short,1
BTC,NHITS,2025-08-23,115374.3281,110021.1641,short,108808.0703,short,1
BTC,MLP,2025-08-23,115374.3281,103743.4062,short,108808.0703,short,1
BTC,TiDE,2025-08-23,115374.3281,115704.3516,long,108808.0703,short,0
BTC,TimesFM,2025-08-23,115374.3281,115258.536,short,108808.0703,short,1
BTC,TSMixer,2025-08-30,108808.0703,112521.9062,long,110224.6953,long,1
BTC,NBEATS,2025-08-30,108808.0703,106937.3281,short,110224.6953,long,0
BTC,NHITS,2025-08-30,108808.0703,106957.4062,short,110224.6953,long,0
BTC,MLP,2025-08-30,108808.0703,108881.1328,long,110224.6953,long,1
BTC,TiDE,2025-08-30,108808.0703,113813.6719,long,110224.6953,long,1
BTC,TimesFM,2025-08-30,108808.0703,107794.0144,short,110224.6953,long,0
BTC,TSMixer,2025-09-06,110224.6953,103382.0703,short,115950.5078,long,0
BTC,NBEATS,2025-09-06,110224.6953,109083.9844,short,115950.5078,long,0
BTC,NHITS,2025-09-06,110224.6953,110142.5,short,115950.5078,long,0
BTC,MLP,2025-09-06,110224.6953,112690.2891,long,115950.5078,long,1
BTC,TiDE,2025-09-06,110224.6953,111397.1719,long,115950.5078,long,1
BTC,TimesFM,2025-09-06,110224.6953,109723.4071,short,115950.5078,long,0
BTC,TSMixer,2025-09-13,115950.5078,101497.0391,short,115721.9609,short,1
BTC,NBEATS,2025-09-13,115950.5078,112020.3984,short,115721.9609,short,1
BTC,NHITS,2025-09-13,115950.5078,112416.5547,short,115721.9609,short,1
BTC,MLP,2025-09-13,115950.5078,110833.3359,short,115721.9609,short,1
BTC,TiDE,2025-09-13,115950.5078,113302.9141,short,115721.9609,short,1
BTC,TimesFM,2025-09-13,115950.5078,114823.5942,short,115721.9609,short,1
BTC,TSMixer,2025-09-20,115721.9609,106464.3828,short,109681.9453,short,1
BTC,NBEATS,2025-09-20,115721.9609,113980.3359,short,109681.9453,short,1
BTC,NHITS,2025-09-20,115721.9609,116883.7734,long,109681.9453,short,0
BTC,MLP,2025-09-20,115721.9609,110242.0391,short,109681.9453,short,1
BTC,TiDE,2025-09-20,115721.9609,114186.375,short,109681.9453,short,1
BTC,TimesFM,2025-09-20,115721.9609,115163.0882,short,109681.9453,short,1
BTC,TSMixer,2025-09-27,109681.9453,104518.5391,short,122425.4297,long,0
BTC,NBEATS,2025-09-27,109681.9453,121547.9062,long,122425.4297,long,1
BTC,NHITS,2025-09-27,109681.9453,117902.8125,long,122425.4297,long,1
BTC,MLP,2025-09-27,109681.9453,110814.7891,long,122425.4297,long,1
BTC,TiDE,2025-09-27,109681.9453,115028.8594,long,122425.4297,long,1
BTC,TimesFM,2025-09-27,109681.9453,108728.2112,short,122425.4297,long,0
BTC,TSMixer,2025-10-04,122425.4297,105732.7656,short,110807.8828,short,1
BTC,NBEATS,2025-10-04,122425.4297,118512.2266,short,110807.8828,short,1
BTC,NHITS,2025-10-04,122425.4297,116453.8594,short,110807.8828,short,1
BTC,MLP,2025-10-04,122425.4297,120532.625,short,110807.8828,short,1
BTC,TiDE,2025-10-04,122425.4297,116910.6562,short,110807.8828,short,1
BTC,TimesFM,2025-10-04,122425.4297,122890.5158,long,110807.8828,short,0
BTC,TSMixer,2025-10-11,110807.8828,110110.125,short,107198.2656,short,1
BTC,NBEATS,2025-10-11,110807.8828,116772.7656,long,107198.2656,short,0
BTC,NHITS,2025-10-11,110807.8828,122364.0625,long,107198.2656,short,0
BTC,MLP,2025-10-11,110807.8828,127888.3359,long,107198.2656,short,0
BTC,TiDE,2025-10-11,110807.8828,123177.7266,long,107198.2656,short,0
BTC,TimesFM,2025-10-11,110807.8828,108272.1555,short,107198.2656,short,1
BTC,TSMixer,2025-10-18,107198.2656,107127.9062,short,111641.7266,long,0
BTC,NBEATS,2025-10-18,107198.2656,103262.2344,short,111641.7266,long,0
BTC,NHITS,2025-10-18,107198.2656,104029.5156,short,111641.7266,long,0
BTC,MLP,2025-10-18,107198.2656,109208.8359,long,111641.7266,long,1
BTC,TiDE,2025-10-18,107198.2656,119159.7734,long,111641.7266,long,1
BTC,TimesFM,2025-10-18,107198.2656,106330.5298,short,111641.7266,long,0
BTC,TSMixer,2025-10-25,111641.7266,110810.625,short,110064.0156,short,1
BTC,NBEATS,2025-10-25,111641.7266,110010.1719,short,110064.0156,short,1
BTC,NHITS,2025-10-25,111641.7266,105743.3672,short,110064.0156,short,1
BTC,MLP,2025-10-25,111641.7266,110825.1562,short,110064.0156,short,1
BTC,TiDE,2025-10-25,111641.7266,117451.9453,long,110064.0156,short,0
BTC,TimesFM,2025-10-25,111641.7266,111664.0064,long,110064.0156,short,0
BTC,TSMixer,2025-11-01,110064.0156,105462.3047,short,102282.1172,short,1
BTC,NBEATS,2025-11-01,110064.0156,112571.2188,long,102282.1172,short,0
BTC,NHITS,2025-11-01,110064.0156,117780.2656,long,102282.1172,short,0
BTC,MLP,2025-11-01,110064.0156,110717.875,long,102282.1172,short,0
BTC,TiDE,2025-11-01,110064.0156,118322.2891,long,102282.1172,short,0
BTC,TimesFM,2025-11-01,110064.0156,108730.7277,short,102282.1172,short,1
BTC,TSMixer,2025-11-08,102282.1172,103916.0625,long,95549.1484,short,0
BTC,NBEATS,2025-11-08,102282.1172,99857.9766,short,95549.1484,short,1
BTC,NHITS,2025-11-08,102282.1172,99711.6719,short,95549.1484,short,1
BTC,MLP,2025-11-08,102282.1172,105957.7656,long,95549.1484,short,0
BTC,TiDE,2025-11-08,102282.1172,110078.5,long,95549.1484,short,0
BTC,TimesFM,2025-11-08,102282.1172,101287.1177,short,95549.1484,short,1
BTC,TSMixer,2025-11-15,95549.1484,102945.6016,long,84648.3594,short,0
BTC,NBEATS,2025-11-15,95549.1484,96856.9297,long,84648.3594,short,0
BTC,NHITS,2025-11-15,95549.1484,93385.3828,short,84648.3594,short,1
BTC,MLP,2025-11-15,95549.1484,102766.4297,long,84648.3594,short,0
BTC,TiDE,2025-11-15,95549.1484,98800.0078,long,84648.3594,short,0
BTC,TimesFM,2025-11-15,95549.1484,95005.2535,short,84648.3594,short,1
BTC,TSMixer,2025-11-22,84648.3594,92288.7578,long,90851.7578,long,1
BTC,NBEATS,2025-11-22,84648.3594,85230.0156,long,90851.7578,long,1
BTC,NHITS,2025-11-22,84648.3594,86812.7031,long,90851.7578,long,1
BTC,MLP,2025-11-22,84648.3594,96345.1797,long,90851.7578,long,1
BTC,TiDE,2025-11-22,84648.3594,90710.3438,long,90851.7578,long,1
BTC,TimesFM,2025-11-22,84648.3594,82308.6957,short,90851.7578,long,0
BTC,TSMixer,2025-11-29,90851.7578,92514.6328,long,89272.375,short,0
BTC,NBEATS,2025-11-29,90851.7578,88072.9922,short,89272.375,short,1
BTC,NHITS,2025-11-29,90851.7578,84342.9844,short,89272.375,short,1
BTC,MLP,2025-11-29,90851.7578,85328.5078,short,89272.375,short,1
BTC,TiDE,2025-11-29,90851.7578,88650.9219,short,89272.375,short,1
BTC,TimesFM,2025-11-29,90851.7578,90920.6561,long,89272.375,short,0
BTC,TSMixer,2025-12-06,89272.375,95944.0234,long,90298.7109,long,1
BTC,NBEATS,2025-12-06,89272.375,93822.9688,long,90298.7109,long,1
BTC,NHITS,2025-12-06,89272.375,90306.75,long,90298.7109,long,1
BTC,MLP,2025-12-06,89272.375,95200.8984,long,90298.7109,long,1
BTC,TiDE,2025-12-06,89272.375,82656.6562,short,90298.7109,long,0
BTC,TimesFM,2025-12-06,89272.375,87976.4986,short,90298.7109,long,0
BTC,TSMixer,2025-12-13,90298.7109,96325.9453,long,88344.0,short,0
BTC,NBEATS,2025-12-13,90298.7109,96663.8672,long,88344.0,short,0
BTC,NHITS,2025-12-13,90298.7109,89490.7578,short,88344.0,short,1
BTC,MLP,2025-12-13,90298.7109,97799.3984,long,88344.0,short,0
BTC,TiDE,2025-12-13,90298.7109,88736.3438,short,88344.0,short,1
BTC,TimesFM,2025-12-13,90298.7109,89976.4593,short,88344.0,short,1
BTC,TSMixer,2025-12-20,88344.0,94820.5,long,87802.1562,short,0
BTC,NBEATS,2025-12-20,88344.0,98338.4609,long,87802.1562,short,0
BTC,NHITS,2025-12-20,88344.0,96098.5078,long,87802.1562,short,0
BTC,MLP,2025-12-20,88344.0,96631.6641,long,87802.1562,short,0
BTC,TiDE,2025-12-20,88344.0,91270.375,long,87802.1562,short,0
BTC,TimesFM,2025-12-20,88344.0,88492.1132,long,87802.1562,short,0
BTC,TSMixer,2025-12-27,87802.1562,98965.1328,long,90603.1875,long,1
BTC,NBEATS,2025-12-27,87802.1562,95745.3594,long,90603.1875,long,1
BTC,NHITS,2025-12-27,87802.1562,90988.3828,long,90603.1875,long,1
BTC,MLP,2025-12-27,87802.1562,95004.3906,long,90603.1875,long,1
BTC,TiDE,2025-12-27,87802.1562,89850.1016,long,90603.1875,long,1
BTC,TimesFM,2025-12-27,87802.1562,88037.6243,long,90603.1875,long,1
BTC,TSMixer,2026-01-03,90603.1875,93136.8359,long,90386.6484,short,0
BTC,NBEATS,2026-01-03,90603.1875,93204.8828,long,90386.6484,short,0
BTC,NHITS,2026-01-03,90603.1875,90445.0625,short,90386.6484,short,1
BTC,MLP,2026-01-03,90603.1875,90522.2344,short,90386.6484,short,1
BTC,TiDE,2026-01-03,90603.1875,91907.5469,long,90386.6484,short,0
BTC,TimesFM,2026-01-03,90603.1875,90352.7478,short,90386.6484,short,1
BTC,TSMixer,2026-01-10,90386.6484,102032.7344,long,95099.9219,long,1
BTC,NBEATS,2026-01-10,90386.6484,89384.6094,short,95099.9219,long,0
BTC,NHITS,2026-01-10,90386.6484,91642.7578,long,95099.9219,long,1
BTC,MLP,2026-01-10,90386.6484,88782.3594,short,95099.9219,long,0
BTC,TiDE,2026-01-10,90386.6484,92307.375,long,95099.9219,long,1
BTC,TimesFM,2026-01-10,90386.6484,90633.7141,long,95099.9219,long,1
BTC,TSMixer,2026-01-17,95099.9219,93169.0312,short,89110.7344,short,1
BTC,NBEATS,2026-01-17,95099.9219,96937.2969,long,89110.7344,short,0
BTC,NHITS,2026-01-17,95099.9219,95385.1953,long,89110.7344,short,0
BTC,MLP,2026-01-17,95099.9219,93778.6016,short,89110.7344,short,1
BTC,TiDE,2026-01-17,95099.9219,94488.3828,short,89110.7344,short,1
BTC,TimesFM,2026-01-17,95099.9219,95243.8352,long,89110.7344,short,0
BTC,TSMixer,2026-01-24,89110.7344,91010.8125,long,78621.1172,short,0
BTC,NBEATS,2026-01-24,89110.7344,92612.8359,long,78621.1172,short,0
BTC,NHITS,2026-01-24,89110.7344,93010.6875,long,78621.1172,short,0
BTC,MLP,2026-01-24,89110.7344,93195.7422,long,78621.1172,short,0
BTC,TiDE,2026-01-24,89110.7344,89442.1797,long,78621.1172,short,0
BTC,TimesFM,2026-01-24,89110.7344,89338.8064,long,78621.1172,short,0
BTC,TSMixer,2026-01-31,78621.1172,85068.0391,long,69281.9688,short,0
BTC,NBEATS,2026-01-31,78621.1172,78337.875,short,69281.9688,short,1
BTC,NHITS,2026-01-31,78621.1172,81338.6406,long,69281.9688,short,0
BTC,MLP,2026-01-31,78621.1172,84943.1016,long,69281.9688,short,0
BTC,TiDE,2026-01-31,78621.1172,87938.7656,long,69281.9688,short,0
BTC,TimesFM,2026-01-31,78621.1172,78571.0277,short,69281.9688,short,1
BTC,TSMixer,2026-02-07,69281.9688,77494.3594,long,69767.625,long,1
BTC,NBEATS,2026-02-07,69281.9688,64928.9922,short,69767.625,long,0
BTC,NHITS,2026-02-07,69281.9688,64806.8594,short,69767.625,long,0
BTC,MLP,2026-02-07,69281.9688,81312.1719,long,69767.625,long,1
BTC,TiDE,2026-02-07,69281.9688,75139.7812,long,69767.625,long,1
BTC,TimesFM,2026-02-07,69281.9688,68580.5779,short,69767.625,long,0
BTC,TSMixer,2026-02-14,69767.625,71883.5938,long,68003.7656,short,0
BTC,NBEATS,2026-02-14,69767.625,61116.0039,short,68003.7656,short,1
BTC,NHITS,2026-02-14,69767.625,61387.3711,short,68003.7656,short,1
BTC,MLP,2026-02-14,69767.625,67998.3438,short,68003.7656,short,1
BTC,TiDE,2026-02-14,69767.625,68528.125,short,68003.7656,short,1
BTC,TimesFM,2026-02-14,69767.625,69914.0115,long,68003.7656,short,0
BTC,TSMixer,2026-02-21,68003.7656,61094.7539,short,66995.8594,short,1
BTC,NBEATS,2026-02-21,68003.7656,66794.0938,short,66995.8594,short,1
BTC,NHITS,2026-02-21,68003.7656,67100.6875,short,66995.8594,short,1
BTC,MLP,2026-02-21,68003.7656,67880.8438,short,66995.8594,short,1
BTC,TiDE,2026-02-21,68003.7656,65357.4492,short,66995.8594,short,1
BTC,TimesFM,2026-02-21,68003.7656,67512.1706,short,66995.8594,short,1
BTC,TSMixer,2026-02-28,66995.8594,60271.2812,short,67272.5938,long,0
BTC,NBEATS,2026-02-28,66995.8594,66876.7344,short,67272.5938,long,0
BTC,NHITS,2026-02-28,66995.8594,65727.6875,short,67272.5938,long,0
BTC,MLP,2026-02-28,66995.8594,68692.3906,long,67272.5938,long,1
BTC,TiDE,2026-02-28,66995.8594,64453.9648,short,67272.5938,long,0
BTC,TimesFM,2026-02-28,66995.8594,66414.0554,short,67272.5938,long,0
BTC,TSMixer,2026-03-07,67272.5938,61479.9453,short,71214.625,long,0
BTC,NBEATS,2026-03-07,67272.5938,65030.0234,short,71214.625,long,0
BTC,NHITS,2026-03-07,67272.5938,66813.6562,short,71214.625,long,0
BTC,MLP,2026-03-07,67272.5938,71799.0781,long,71214.625,long,1
BTC,TiDE,2026-03-07,67272.5938,66027.1797,short,71214.625,long,0
BTC,TimesFM,2026-03-07,67272.5938,66972.9223,short,71214.625,long,0
BTC,TSMixer,2026-03-14,71214.625,64781.2734,short,68711.5234,short,1
BTC,NBEATS,2026-03-14,71214.625,69396.0703,short,68711.5234,short,1
BTC,NHITS,2026-03-14,71214.625,70928.2891,short,68711.5234,short,1
BTC,MLP,2026-03-14,71214.625,76209.6875,long,68711.5234,short,0
BTC,TiDE,2026-03-14,71214.625,70466.5,short,68711.5234,short,1
BTC,TimesFM,2026-03-14,71214.625,71772.1558,long,68711.5234,short,0
BTC,TSMixer,2026-03-21,68711.5234,61451.8047,short,66319.6953,short,1
BTC,NBEATS,2026-03-21,68711.5234,69782.2969,long,66319.6953,short,0
BTC,NHITS,2026-03-21,68711.5234,67030.6719,short,66319.6953,short,1
BTC,MLP,2026-03-21,68711.5234,72416.3281,long,66319.6953,short,0
BTC,TiDE,2026-03-21,68711.5234,73456.4688,long,66319.6953,short,0
BTC,TimesFM,2026-03-21,68711.5234,67940.5549,short,66319.6953,short,1
BTC,TSMixer,2026-03-28,66319.6953,68480.3672,long,67290.5156,long,1
BTC,NBEATS,2026-03-28,66319.6953,67519.3281,long,67290.5156,long,1
BTC,NHITS,2026-03-28,66319.6953,67380.0312,long,67290.5156,long,1
BTC,MLP,2026-03-28,66319.6953,73730.4062,long,67290.5156,long,1
BTC,TiDE,2026-03-28,66319.6953,72849.2578,long,67290.5156,long,1
BTC,TimesFM,2026-03-28,66319.6953,65859.5687,short,67290.5156,long,0
BTC,TSMixer,2026-04-04,67290.5156,59619.3633,short,73054.2734,long,0
BTC,NBEATS,2026-04-04,67290.5156,64747.4844,short,73054.2734,long,0
BTC,NHITS,2026-04-04,67290.5156,65590.6172,short,73054.2734,long,0
BTC,MLP,2026-04-04,67290.5156,67598.8359,long,73054.2734,long,1
BTC,TiDE,2026-04-04,67290.5156,70825.2422,long,73054.2734,long,1
BTC,TimesFM,2026-04-04,67290.5156,67274.1588,short,73054.2734,long,0
BTC,TSMixer,2026-04-11,73054.2734,67421.2344,short,75726.2109,long,0
BTC,NBEATS,2026-04-11,73054.2734,70841.0234,short,75726.2109,long,0
BTC,NHITS,2026-04-11,73054.2734,71777.9688,short,75726.2109,long,0
BTC,MLP,2026-04-11,73054.2734,62025.2305,short,75726.2109,long,0
BTC,TiDE,2026-04-11,73054.2734,74084.0781,long,75726.2109,long,1
BTC,TimesFM,2026-04-11,73054.2734,73383.5159,long,75726.2109,long,1
BTC,TSMixer,2026-04-18,75726.2109,67559.4062,short,77612.0156,long,0
BTC,NBEATS,2026-04-18,75726.2109,74150.125,short,77612.0156,long,0
BTC,NHITS,2026-04-18,75726.2109,76564.7422,long,77612.0156,long,1
BTC,MLP,2026-04-18,75726.2109,65219.625,short,77612.0156,long,0
BTC,TiDE,2026-04-18,75726.2109,74275.0938,short,77612.0156,long,0
BTC,TimesFM,2026-04-18,75726.2109,76042.2831,long,77612.0156,long,1
BTC,TSMixer,2026-04-25,77612.0156,72068.5,short,78657.25,long,0
BTC,NBEATS,2026-04-25,77612.0156,78672.625,long,78657.25,long,1
BTC,NHITS,2026-04-25,77612.0156,79737.4609,long,78657.25,long,1
BTC,MLP,2026-04-25,77612.0156,72195.2812,short,78657.25,long,0
BTC,TiDE,2026-04-25,77612.0156,73715.1484,short,78657.25,long,0
BTC,TimesFM,2026-04-25,77612.0156,77955.3654,long,78657.25,long,1
BTC,TSMixer,2026-05-02,78657.25,75590.6406,short,80664.3672,long,0
BTC,NBEATS,2026-05-02,78657.25,78172.0625,short,80664.3672,long,0
BTC,NHITS,2026-05-02,78657.25,79595.7031,long,80664.3672,long,1
BTC,MLP,2026-05-02,78657.25,79664.8047,long,80664.3672,long,1
BTC,TiDE,2026-05-02,78657.25,73957.9766,short,80664.3672,long,0
BTC,TimesFM,2026-05-02,78657.25,79353.5949,long,80664.3672,long,1
BTC,TSMixer,2026-05-09,80664.3672,72595.0,short,78131.4375,short,1
BTC,NBEATS,2026-05-09,80664.3672,78004.6172,short,78131.4375,short,1
BTC,NHITS,2026-05-09,80664.3672,78237.5781,short,78131.4375,short,1
BTC,MLP,2026-05-09,80664.3672,74914.9141,short,78131.4375,short,1
BTC,TiDE,2026-05-09,80664.3672,77890.7188,short,78131.4375,short,1
BTC,TimesFM,2026-05-09,80664.3672,81012.2719,long,78131.4375,short,0
BTC,TSMixer,2026-05-16,78131.4375,65090.1133,short,76673.3672,short,1
BTC,NBEATS,2026-05-16,78131.4375,78470.8906,long,76673.3672,short,0
BTC,NHITS,2026-05-16,78131.4375,76221.5469,short,76673.3672,short,1
BTC,MLP,2026-05-16,78131.4375,76823.7109,short,76673.3672,short,1
BTC,TiDE,2026-05-16,78131.4375,80254.6172,long,76673.3672,short,0
BTC,TimesFM,2026-05-16,78131.4375,77696.8291,short,76673.3672,short,1
BTC,TSMixer,2026-05-23,76673.3672,77462.5781,long,73754.8359,short,0
BTC,NBEATS,2026-05-23,76673.3672,76146.0312,short,73754.8359,short,1
BTC,NHITS,2026-05-23,76673.3672,74998.875,short,73754.8359,short,1
BTC,MLP,2026-05-23,76673.3672,76341.7266,short,73754.8359,short,1
BTC,TiDE,2026-05-23,76673.3672,78852.5391,long,73754.8359,short,0
BTC,TimesFM,2026-05-23,76673.3672,76373.2378,short,73754.8359,short,1
BTC,TSMixer,2026-05-30,73754.8359,79601.1719,long,60867.4141,short,0
BTC,NBEATS,2026-05-30,73754.8359,74600.9219,long,60867.4141,short,0
BTC,NHITS,2026-05-30,73754.8359,75822.8906,long,60867.4141,short,0
BTC,MLP,2026-05-30,73754.8359,72240.6094,short,60867.4141,short,1
BTC,TiDE,2026-05-30,73754.8359,76830.5,long,60867.4141,short,0
BTC,TimesFM,2026-05-30,73754.8359,72775.746,short,60867.4141,short,1
BTC,TSMixer,2026-06-06,60867.4141,75644.2031,long,64421.3242,long,1
BTC,NBEATS,2026-06-06,60867.4141,63897.7109,long,64421.3242,long,1
BTC,NHITS,2026-06-06,60867.4141,60569.5547,short,64421.3242,long,0
BTC,MLP,2026-06-06,60867.4141,71049.75,long,64421.3242,long,1
BTC,TiDE,2026-06-06,60867.4141,70919.8359,long,64421.3242,long,1
BTC,TimesFM,2026-06-06,60867.4141,58586.0569,short,64421.3242,long,0
BTC,TSMixer,2026-06-13,64421.3242,71732.3672,long,64239.6758,short,0
BTC,NBEATS,2026-06-13,64421.3242,58951.9531,short,64239.6758,short,1
BTC,NHITS,2026-06-13,64421.3242,54475.7578,short,64239.6758,short,1
BTC,MLP,2026-06-13,64421.3242,66317.6484,long,64239.6758,short,0
BTC,TiDE,2026-06-13,64421.3242,66185.9844,long,64239.6758,short,0
BTC,TimesFM,2026-06-13,64421.3242,64465.6882,long,64239.6758,short,0
ETH,TSMixer,2025-06-21,2300.4956,2393.0991,long,2437.1094,long,1
ETH,NBEATS,2025-06-21,2300.4956,2138.3916,short,2437.1094,long,0
ETH,NHITS,2025-06-21,2300.4956,2266.668,short,2437.1094,long,0
ETH,MLP,2025-06-21,2300.4956,2527.4534,long,2437.1094,long,1
ETH,TiDE,2025-06-21,2300.4956,2229.6885,short,2437.1094,long,0
ETH,TimesFM,2025-06-21,2300.4956,2263.4216,short,2437.1094,long,0
ETH,TSMixer,2025-06-28,2437.1094,2429.0117,short,2517.28,long,0
ETH,NBEATS,2025-06-28,2437.1094,2132.7959,short,2517.28,long,0
ETH,NHITS,2025-06-28,2437.1094,2220.1104,short,2517.28,long,0
ETH,MLP,2025-06-28,2437.1094,2234.1626,short,2517.28,long,0
ETH,TiDE,2025-06-28,2437.1094,2415.7295,short,2517.28,long,0
ETH,TimesFM,2025-06-28,2437.1094,2438.0195,long,2517.28,long,1
ETH,TSMixer,2025-07-05,2517.28,2527.1113,long,2942.9116,long,1
ETH,NBEATS,2025-07-05,2517.28,2569.6543,long,2942.9116,long,1
ETH,NHITS,2025-07-05,2517.28,2450.2666,short,2942.9116,long,0
ETH,MLP,2025-07-05,2517.28,2266.7603,short,2942.9116,long,0
ETH,TiDE,2025-07-05,2517.28,2547.5413,long,2942.9116,long,1
ETH,TimesFM,2025-07-05,2517.28,2490.9325,short,2942.9116,long,0
ETH,TSMixer,2025-07-12,2942.9116,2956.1694,long,3595.2737,long,1
ETH,NBEATS,2025-07-12,2942.9116,2869.5437,short,3595.2737,long,0
ETH,NHITS,2025-07-12,2942.9116,2963.4338,long,3595.2737,long,1
ETH,MLP,2025-07-12,2942.9116,2647.3269,short,3595.2737,long,0
ETH,TiDE,2025-07-12,2942.9116,2825.4595,short,3595.2737,long,0
ETH,TimesFM,2025-07-12,2942.9116,2914.4428,short,3595.2737,long,0
ETH,TSMixer,2025-07-19,3595.2737,3660.3442,long,3741.396,long,1
ETH,NBEATS,2025-07-19,3595.2737,3498.73,short,3741.396,long,0
ETH,NHITS,2025-07-19,3595.2737,3431.7651,short,3741.396,long,0
ETH,MLP,2025-07-19,3595.2737,3431.5911,short,3741.396,long,0
ETH,TiDE,2025-07-19,3595.2737,3716.9243,long,3741.396,long,1
ETH,TimesFM,2025-07-19,3595.2737,3634.6522,long,3741.396,long,1
ETH,TSMixer,2025-07-26,3741.396,3749.5813,long,3392.7412,short,0
ETH,NBEATS,2025-07-26,3741.396,3920.8469,long,3392.7412,short,0
ETH,NHITS,2025-07-26,3741.396,4397.8511,long,3392.7412,short,0
ETH,MLP,2025-07-26,3741.396,3392.0132,short,3392.7412,short,1
ETH,TiDE,2025-07-26,3741.396,3870.9033,long,3392.7412,short,0
ETH,TimesFM,2025-07-26,3741.396,3719.942,short,3392.7412,short,1
ETH,TSMixer,2025-08-02,3392.7412,3467.7727,long,4263.5991,long,1
ETH,NBEATS,2025-08-02,3392.7412,3637.1509,long,4263.5991,long,1
ETH,NHITS,2025-08-02,3392.7412,3679.1731,long,4263.5991,long,1
ETH,MLP,2025-08-02,3392.7412,3455.7163,long,4263.5991,long,1
ETH,TiDE,2025-08-02,3392.7412,3710.4666,long,4263.5991,long,1
ETH,TimesFM,2025-08-02,3392.7412,3309.1524,short,4263.5991,long,0
ETH,TSMixer,2025-08-09,4263.5991,4155.4336,short,4426.1802,long,0
ETH,NBEATS,2025-08-09,4263.5991,3627.4407,short,4426.1802,long,0
ETH,NHITS,2025-08-09,4263.5991,4398.3325,long,4426.1802,long,1
ETH,MLP,2025-08-09,4263.5991,3116.3938,short,4426.1802,long,0
ETH,TiDE,2025-08-09,4263.5991,4262.748,short,4426.1802,long,0
ETH,TimesFM,2025-08-09,4263.5991,4318.1821,long,4426.1802,long,1
ETH,TSMixer,2025-08-16,4426.1802,4488.0034,long,4776.0903,long,1
ETH,NBEATS,2025-08-16,4426.1802,4749.3833,long,4776.0903,long,1
ETH,NHITS,2025-08-16,4426.1802,6637.1978,long,4776.0903,long,1
ETH,MLP,2025-08-16,4426.1802,3983.2837,short,4776.0903,long,0
ETH,TiDE,2025-08-16,4426.1802,4599.0718,long,4776.0903,long,1
ETH,TimesFM,2025-08-16,4426.1802,4374.5589,short,4776.0903,long,0
ETH,TSMixer,2025-08-23,4776.0903,4725.7349,short,4374.1533,short,1
ETH,NBEATS,2025-08-23,4776.0903,4362.396,short,4374.1533,short,1
ETH,NHITS,2025-08-23,4776.0903,4731.6846,short,4374.1533,short,1
ETH,MLP,2025-08-23,4776.0903,4421.563,short,4374.1533,short,1
ETH,TiDE,2025-08-23,4776.0903,4716.1406,short,4374.1533,short,1
ETH,TimesFM,2025-08-23,4776.0903,4763.3543,short,4374.1533,short,1
ETH,TSMixer,2025-08-30,4374.1533,4285.4937,short,4274.2422,short,1
ETH,NBEATS,2025-08-30,4374.1533,4915.0791,long,4274.2422,short,0
ETH,NHITS,2025-08-30,4374.1533,4203.3086,short,4274.2422,short,1
ETH,MLP,2025-08-30,4374.1533,4049.2988,short,4274.2422,short,1
ETH,TiDE,2025-08-30,4374.1533,4640.2881,long,4274.2422,short,0
ETH,TimesFM,2025-08-30,4374.1533,4381.583,long,4274.2422,short,0
ETH,TSMixer,2025-09-06,4274.2422,4380.1021,long,4668.1797,long,1
ETH,NBEATS,2025-09-06,4274.2422,4268.9814,short,4668.1797,long,0
ETH,NHITS,2025-09-06,4274.2422,4299.29,long,4668.1797,long,1
ETH,MLP,2025-09-06,4274.2422,4122.7642,short,4668.1797,long,0
ETH,TiDE,2025-09-06,4274.2422,4552.0713,long,4668.1797,long,1
ETH,TimesFM,2025-09-06,4274.2422,4238.9439,short,4668.1797,long,0
ETH,TSMixer,2025-09-13,4668.1797,4668.7036,long,4482.2656,short,0
ETH,NBEATS,2025-09-13,4668.1797,4079.3691,short,4482.2656,short,1
ETH,NHITS,2025-09-13,4668.1797,4432.6636,short,4482.2656,short,1
ETH,MLP,2025-09-13,4668.1797,3823.0347,short,4482.2656,short,1
ETH,TiDE,2025-09-13,4668.1797,4594.8579,short,4482.2656,short,1
ETH,TimesFM,2025-09-13,4668.1797,4613.193,short,4482.2656,short,1
ETH,TSMixer,2025-09-20,4482.2656,4475.8364,short,4018.6582,short,1
ETH,NBEATS,2025-09-20,4482.2656,4373.3711,short,4018.6582,short,1
ETH,NHITS,2025-09-20,4482.2656,4426.876,short,4018.6582,short,1
ETH,MLP,2025-09-20,4482.2656,4646.98,long,4018.6582,short,0
ETH,TiDE,2025-09-20,4482.2656,4315.9341,short,4018.6582,short,1
ETH,TimesFM,2025-09-20,4482.2656,4472.816,short,4018.6582,short,1
ETH,TSMixer,2025-09-27,4018.6582,4065.7412,long,4489.1973,long,1
ETH,NBEATS,2025-09-27,4018.6582,4116.623,long,4489.1973,long,1
ETH,NHITS,2025-09-27,4018.6582,3737.4827,short,4489.1973,long,0
ETH,MLP,2025-09-27,4018.6582,4100.9404,long,4489.1973,long,1
ETH,TiDE,2025-09-27,4018.6582,4301.3447,long,4489.1973,long,1
ETH,TimesFM,2025-09-27,4018.6582,3988.9501,short,4489.1973,long,0
ETH,TSMixer,2025-10-04,4489.1973,4470.2222,short,3750.6116,short,1
ETH,NBEATS,2025-10-04,4489.1973,4331.3555,short,3750.6116,short,1
ETH,NHITS,2025-10-04,4489.1973,3893.3311,short,3750.6116,short,1
ETH,MLP,2025-10-04,4489.1973,3798.1614,short,3750.6116,short,1
ETH,TiDE,2025-10-04,4489.1973,4563.1802,long,3750.6116,short,0
ETH,TimesFM,2025-10-04,4489.1973,4541.9469,long,3750.6116,short,0
ETH,TSMixer,2025-10-11,3750.6116,3893.6777,long,3890.3462,long,1
ETH,NBEATS,2025-10-11,3750.6116,4340.6216,long,3890.3462,long,1
ETH,NHITS,2025-10-11,3750.6116,4129.8125,long,3890.3462,long,1
ETH,MLP,2025-10-11,3750.6116,4124.7383,long,3890.3462,long,1
ETH,TiDE,2025-10-11,3750.6116,4188.6968,long,3890.3462,long,1
ETH,TimesFM,2025-10-11,3750.6116,3670.8069,short,3890.3462,long,0
ETH,TSMixer,2025-10-18,3890.3462,3904.2458,long,3953.4709,long,1
ETH,NBEATS,2025-10-18,3890.3462,3879.8589,short,3953.4709,long,0
ETH,NHITS,2025-10-18,3890.3462,3659.3489,short,3953.4709,long,0
ETH,MLP,2025-10-18,3890.3462,3767.1448,short,3953.4709,long,0
ETH,TiDE,2025-10-18,3890.3462,3891.7207,long,3953.4709,long,1
ETH,TimesFM,2025-10-18,3890.3462,3832.9937,short,3953.4709,long,0
ETH,TSMixer,2025-10-25,3953.4709,3756.6521,short,3874.188,short,1
ETH,NBEATS,2025-10-25,3953.4709,4014.666,long,3874.188,short,0
ETH,NHITS,2025-10-25,3953.4709,4126.4727,long,3874.188,short,0
ETH,MLP,2025-10-25,3953.4709,3754.5557,short,3874.188,short,1
ETH,TiDE,2025-10-25,3953.4709,4107.3433,long,3874.188,short,0
ETH,TimesFM,2025-10-25,3953.4709,3901.7251,short,3874.188,short,1
ETH,TSMixer,2025-11-01,3874.188,3787.7905,short,3400.376,short,1
ETH,NBEATS,2025-11-01,3874.188,3874.856,long,3400.376,short,0
ETH,NHITS,2025-11-01,3874.188,3785.8242,short,3400.376,short,1
ETH,MLP,2025-11-01,3874.188,3975.9509,long,3400.376,short,0
ETH,TiDE,2025-11-01,3874.188,4089.3608,long,3400.376,short,0
ETH,TimesFM,2025-11-01,3874.188,3798.2153,short,3400.376,short,1
ETH,TSMixer,2025-11-08,3400.376,3394.6123,short,3166.6313,short,1
ETH,NBEATS,2025-11-08,3400.376,3392.793,short,3166.6313,short,1
ETH,NHITS,2025-11-08,3400.376,3505.7246,long,3166.6313,short,0
ETH,MLP,2025-11-08,3400.376,3623.1284,long,3166.6313,short,0
ETH,TiDE,2025-11-08,3400.376,3163.4578,short,3166.6313,short,1
ETH,TimesFM,2025-11-08,3400.376,3258.0099,short,3166.6313,short,1
ETH,TSMixer,2025-11-15,3166.6313,3146.3154,short,2767.6074,short,1
ETH,NBEATS,2025-11-15,3166.6313,3089.0576,short,2767.6074,short,1
ETH,NHITS,2025-11-15,3166.6313,3275.3921,long,2767.6074,short,0
ETH,MLP,2025-11-15,3166.6313,3183.8381,long,2767.6074,short,0
ETH,TiDE,2025-11-15,3166.6313,3060.8018,short,2767.6074,short,1
ETH,TimesFM,2025-11-15,3166.6313,3097.4345,short,2767.6074,short,1
ETH,TSMixer,2025-11-22,2767.6074,2768.4807,long,2991.6853,long,1
ETH,NBEATS,2025-11-22,2767.6074,2604.5178,short,2991.6853,long,0
ETH,NHITS,2025-11-22,2767.6074,2362.0037,short,2991.6853,long,0
ETH,MLP,2025-11-22,2767.6074,3200.9673,long,2991.6853,long,1
ETH,TiDE,2025-11-22,2767.6074,2734.604,short,2991.6853,long,0
ETH,TimesFM,2025-11-22,2767.6074,2646.4401,short,2991.6853,long,0
ETH,TSMixer,2025-11-29,2991.6853,3006.1934,long,3040.2078,long,1
ETH,NBEATS,2025-11-29,2991.6853,2608.6816,short,3040.2078,long,0
ETH,NHITS,2025-11-29,2991.6853,2648.6208,short,3040.2078,long,0
ETH,MLP,2025-11-29,2991.6853,2760.0718,short,3040.2078,long,0
ETH,TiDE,2025-11-29,2991.6853,2748.7607,short,3040.2078,long,0
ETH,TimesFM,2025-11-29,2991.6853,2916.2703,short,3040.2078,long,0
ETH,TSMixer,2025-12-06,3040.2078,3033.417,short,3116.6953,long,0
ETH,NBEATS,2025-12-06,3040.2078,2925.3062,short,3116.6953,long,0
ETH,NHITS,2025-12-06,3040.2078,3078.4492,long,3116.6953,long,1
ETH,MLP,2025-12-06,3040.2078,3295.6602,long,3116.6953,long,1
ETH,TiDE,2025-12-06,3040.2078,2951.5417,short,3116.6953,long,0
ETH,TimesFM,2025-12-06,3040.2078,2960.2847,short,3116.6953,long,0
ETH,TSMixer,2025-12-13,3116.6953,3152.6299,long,2977.5825,short,0
ETH,NBEATS,2025-12-13,3116.6953,3129.3235,long,2977.5825,short,0
ETH,NHITS,2025-12-13,3116.6953,4160.1055,long,2977.5825,short,0
ETH,MLP,2025-12-13,3116.6953,3094.3159,short,2977.5825,short,1
ETH,TiDE,2025-12-13,3116.6953,3188.3142,long,2977.5825,short,0
ETH,TimesFM,2025-12-13,3116.6953,3029.4157,short,2977.5825,short,1
ETH,TSMixer,2025-12-20,2977.5825,2963.2197,short,2947.9983,short,1
ETH,NBEATS,2025-12-20,2977.5825,3118.2407,long,2947.9983,short,0
ETH,NHITS,2025-12-20,2977.5825,4537.1162,long,2947.9983,short,0
ETH,MLP,2025-12-20,2977.5825,3218.4956,long,2947.9983,short,0
ETH,TiDE,2025-12-20,2977.5825,3004.2764,long,2947.9983,short,0
ETH,TimesFM,2025-12-20,2977.5825,2876.7846,short,2947.9983,short,1
ETH,TSMixer,2025-12-27,2947.9983,2929.8596,short,3125.9175,long,0
ETH,NBEATS,2025-12-27,2947.9983,3135.7095,long,3125.9175,long,1
ETH,NHITS,2025-12-27,2947.9983,3077.7029,long,3125.9175,long,1
ETH,MLP,2025-12-27,2947.9983,3082.6887,long,3125.9175,long,1
ETH,TiDE,2025-12-27,2947.9983,3014.1177,long,3125.9175,long,1
ETH,TimesFM,2025-12-27,2947.9983,2926.6324,short,3125.9175,long,0
ETH,TSMixer,2026-01-03,3125.9175,3122.3752,short,3082.396,short,1
ETH,NBEATS,2026-01-03,3125.9175,3062.98,short,3082.396,short,1
ETH,NHITS,2026-01-03,3125.9175,2970.0012,short,3082.396,short,1
ETH,MLP,2026-01-03,3125.9175,3072.9258,short,3082.396,short,1
ETH,TiDE,2026-01-03,3125.9175,2932.9753,short,3082.396,short,1
ETH,TimesFM,2026-01-03,3125.9175,3069.5762,short,3082.396,short,1
ETH,TSMixer,2026-01-10,3082.396,3101.1294,long,3308.8643,long,1
ETH,NBEATS,2026-01-10,3082.396,2949.6763,short,3308.8643,long,0
ETH,NHITS,2026-01-10,3082.396,3157.3213,long,3308.8643,long,1
ETH,MLP,2026-01-10,3082.396,3216.2583,long,3308.8643,long,1
ETH,TiDE,2026-01-10,3082.396,3074.4363,short,3308.8643,long,0
ETH,TimesFM,2026-01-10,3082.396,3049.5368,short,3308.8643,long,0
ETH,TSMixer,2026-01-17,3308.8643,3356.1143,long,2948.7407,short,0
ETH,NBEATS,2026-01-17,3308.8643,3291.2305,short,2948.7407,short,1
ETH,NHITS,2026-01-17,3308.8643,2852.2632,short,2948.7407,short,1
ETH,MLP,2026-01-17,3308.8643,3208.9412,short,2948.7407,short,1
ETH,TiDE,2026-01-17,3308.8643,3124.4072,short,2948.7407,short,1
ETH,TimesFM,2026-01-17,3308.8643,3289.6007,short,2948.7407,short,1
ETH,TSMixer,2026-01-24,2948.7407,3003.2815,long,2445.0918,short,0
ETH,NBEATS,2026-01-24,2948.7407,2856.4099,short,2445.0918,short,1
ETH,NHITS,2026-01-24,2948.7407,3149.6914,long,2445.0918,short,0
ETH,MLP,2026-01-24,2948.7407,3089.2593,long,2445.0918,short,0
ETH,TiDE,2026-01-24,2948.7407,2858.8347,short,2445.0918,short,1
ETH,TimesFM,2026-01-24,2948.7407,2932.8419,short,2445.0918,short,1
ETH,TSMixer,2026-01-31,2445.0918,2586.864,long,2090.5493,short,0
ETH,NBEATS,2026-01-31,2445.0918,2328.843,short,2090.5493,short,1
ETH,NHITS,2026-01-31,2445.0918,1986.9486,short,2090.5493,short,1
ETH,MLP,2026-01-31,2445.0918,2742.8054,long,2090.5493,short,0
ETH,TiDE,2026-01-31,2445.0918,2654.374,long,2090.5493,short,0
ETH,TimesFM,2026-01-31,2445.0918,2435.8796,short,2090.5493,short,1
ETH,TSMixer,2026-02-07,2090.5493,2115.6636,long,2086.0098,short,0
ETH,NBEATS,2026-02-07,2090.5493,1790.3428,short,2086.0098,short,1
ETH,NHITS,2026-02-07,2090.5493,1745.2112,short,2086.0098,short,1
ETH,MLP,2026-02-07,2090.5493,2433.9521,long,2086.0098,short,0
ETH,TiDE,2026-02-07,2090.5493,1791.3229,short,2086.0098,short,1
ETH,TimesFM,2026-02-07,2090.5493,2046.8013,short,2086.0098,short,1
ETH,TSMixer,2026-02-14,2086.0098,2078.6748,short,1973.7372,short,1
ETH,NBEATS,2026-02-14,2086.0098,1593.1006,short,1973.7372,short,1
ETH,NHITS,2026-02-14,2086.0098,1432.7965,short,1973.7372,short,1
ETH,MLP,2026-02-14,2086.0098,1937.6256,short,1973.7372,short,1
ETH,TiDE,2026-02-14,2086.0098,1870.5736,short,1973.7372,short,1
ETH,TimesFM,2026-02-14,2086.0098,2112.9233,long,1973.7372,short,0
ETH,TSMixer,2026-02-21,1973.7372,1935.699,short,1965.0505,short,1
ETH,NBEATS,2026-02-21,1973.7372,1856.0498,short,1965.0505,short,1
ETH,NHITS,2026-02-21,1973.7372,1974.9146,long,1965.0505,short,0
ETH,MLP,2026-02-21,1973.7372,2112.6008,long,1965.0505,short,0
ETH,TiDE,2026-02-21,1973.7372,1950.9694,short,1965.0505,short,1
ETH,TimesFM,2026-02-21,1973.7372,1936.165,short,1965.0505,short,1
ETH,TSMixer,2026-02-28,1965.0505,1982.9204,long,1969.4554,long,1
ETH,NBEATS,2026-02-28,1965.0505,1722.4827,short,1969.4554,long,0
ETH,NHITS,2026-02-28,1965.0505,1936.2421,short,1969.4554,long,0
ETH,MLP,2026-02-28,1965.0505,1671.5938,short,1969.4554,long,0
ETH,TiDE,2026-02-28,1965.0505,1810.8755,short,1969.4554,long,0
ETH,TimesFM,2026-02-28,1965.0505,1960.719,short,1969.4554,long,0
ETH,TSMixer,2026-03-07,1969.4554,1983.569,long,2097.0867,long,1
ETH,NBEATS,2026-03-07,1969.4554,1773.8951,short,2097.0867,long,0
ETH,NHITS,2026-03-07,1969.4554,2000.2053,long,2097.0867,long,1
ETH,MLP,2026-03-07,1969.4554,1919.2375,short,2097.0867,long,0
ETH,TiDE,2026-03-07,1969.4554,2226.2493,long,2097.0867,long,1
ETH,TimesFM,2026-03-07,1969.4554,1994.6846,long,2097.0867,long,1
ETH,TSMixer,2026-03-14,2097.0867,2066.1414,short,2076.6899,short,1
ETH,NBEATS,2026-03-14,2097.0867,2012.3154,short,2076.6899,short,1
ETH,NHITS,2026-03-14,2097.0867,1986.9706,short,2076.6899,short,1
ETH,MLP,2026-03-14,2097.0867,2013.8875,short,2076.6899,short,1
ETH,TiDE,2026-03-14,2097.0867,2272.8875,long,2076.6899,short,0
ETH,TimesFM,2026-03-14,2097.0867,2146.4731,long,2076.6899,short,0
ETH,TSMixer,2026-03-21,2076.6899,2082.5095,long,1992.6946,short,0
ETH,NBEATS,2026-03-21,2076.6899,2266.3745,long,1992.6946,short,0
ETH,NHITS,2026-03-21,2076.6899,2089.2539,long,1992.6946,short,0
ETH,MLP,2026-03-21,2076.6899,2462.7881,long,1992.6946,short,0
ETH,TiDE,2026-03-21,2076.6899,2308.3762,long,1992.6946,short,0
ETH,TimesFM,2026-03-21,2076.6899,2090.5805,long,1992.6946,short,0
ETH,TSMixer,2026-03-28,1992.6946,2014.7983,long,2065.3516,long,1
ETH,NBEATS,2026-03-28,1992.6946,2270.4451,long,2065.3516,long,1
ETH,NHITS,2026-03-28,1992.6946,1467.9679,short,2065.3516,long,0
ETH,MLP,2026-03-28,1992.6946,2243.9495,long,2065.3516,long,1
ETH,TiDE,2026-03-28,1992.6946,2268.0488,long,2065.3516,long,1
ETH,TimesFM,2026-03-28,1992.6946,1997.8676,long,2065.3516,long,1
ETH,TSMixer,2026-04-04,2065.3516,2063.3987,short,2285.3901,long,0
ETH,NBEATS,2026-04-04,2065.3516,2333.7224,long,2285.3901,long,1
ETH,NHITS,2026-04-04,2065.3516,2173.3542,long,2285.3901,long,1
ETH,MLP,2026-04-04,2065.3516,2375.9253,long,2285.3901,long,1
ETH,TiDE,2026-04-04,2065.3516,2356.3789,long,2285.3901,long,1
ETH,TimesFM,2026-04-04,2065.3516,2094.7768,long,2285.3901,long,1
ETH,TSMixer,2026-04-11,2285.3901,2270.1653,short,2351.1006,long,0
ETH,NBEATS,2026-04-11,2285.3901,2703.0007,long,2351.1006,long,1
ETH,NHITS,2026-04-11,2285.3901,2248.0505,short,2351.1006,long,0
ETH,MLP,2026-04-11,2285.3901,2687.3423,long,2351.1006,long,1
ETH,TiDE,2026-04-11,2285.3901,2052.1812,short,2351.1006,long,0
ETH,TimesFM,2026-04-11,2285.3901,2304.7001,long,2351.1006,long,1
ETH,TSMixer,2026-04-18,2351.1006,2408.9238,long,2318.8291,short,0
ETH,NBEATS,2026-04-18,2351.1006,2826.824,long,2318.8291,short,0
ETH,NHITS,2026-04-18,2351.1006,2535.0334,long,2318.8291,short,0
ETH,MLP,2026-04-18,2351.1006,2594.7566,long,2318.8291,short,0
ETH,TiDE,2026-04-18,2351.1006,2420.3486,long,2318.8291,short,0
ETH,TimesFM,2026-04-18,2351.1006,2377.2094,long,2318.8291,short,0
ETH,TSMixer,2026-04-25,2318.8291,2331.4607,long,2316.2319,short,0
ETH,NBEATS,2026-04-25,2318.8291,2807.0962,long,2316.2319,short,0
ETH,NHITS,2026-04-25,2318.8291,2507.979,long,2316.2319,short,0
ETH,MLP,2026-04-25,2318.8291,2643.3237,long,2316.2319,short,0
ETH,TiDE,2026-04-25,2318.8291,2352.7241,long,2316.2319,short,0
ETH,TimesFM,2026-04-25,2318.8291,2340.9126,long,2316.2319,short,0
ETH,TSMixer,2026-05-02,2316.2319,2290.0393,short,2326.7273,long,0
ETH,NBEATS,2026-05-02,2316.2319,2423.5972,long,2326.7273,long,1
ETH,NHITS,2026-05-02,2316.2319,2392.0347,long,2326.7273,long,1
ETH,MLP,2026-05-02,2316.2319,2504.6641,long,2326.7273,long,1
ETH,TiDE,2026-05-02,2316.2319,2326.4543,long,2326.7273,long,1
ETH,TimesFM,2026-05-02,2316.2319,2379.2002,long,2326.7273,long,1
ETH,TSMixer,2026-05-09,2326.7273,2309.2434,short,2179.752,short,1
ETH,NBEATS,2026-05-09,2326.7273,2451.8367,long,2179.752,short,0
ETH,NHITS,2026-05-09,2326.7273,2294.7002,short,2179.752,short,1
ETH,MLP,2026-05-09,2326.7273,2315.2244,short,2179.752,short,1
ETH,TiDE,2026-05-09,2326.7273,2346.0461,long,2179.752,short,0
ETH,TimesFM,2026-05-09,2326.7273,2342.0516,long,2179.752,short,0
ETH,TSMixer,2026-05-16,2179.752,2218.6035,long,2115.9514,short,0
ETH,NBEATS,2026-05-16,2179.752,2220.9805,long,2115.9514,short,0
ETH,NHITS,2026-05-16,2179.752,2253.3633,long,2115.9514,short,0
ETH,MLP,2026-05-16,2179.752,1901.6438,short,2115.9514,short,1
ETH,TiDE,2026-05-16,2179.752,2203.5417,long,2115.9514,short,0
ETH,TimesFM,2026-05-16,2179.752,2157.0507,short,2115.9514,short,1
ETH,TSMixer,2026-05-23,2115.9514,2118.3611,long,2019.4583,short,0
ETH,NBEATS,2026-05-23,2115.9514,2034.3684,short,2019.4583,short,1
ETH,NHITS,2026-05-23,2115.9514,1866.4158,short,2019.4583,short,1
ETH,MLP,2026-05-23,2115.9514,1848.1602,short,2019.4583,short,1
ETH,TiDE,2026-05-23,2115.9514,2143.3403,long,2019.4583,short,0
ETH,TimesFM,2026-05-23,2115.9514,2111.7187,short,2019.4583,short,1
ETH,TSMixer,2026-05-30,2019.4583,2024.2732,long,1568.7677,short,0
ETH,NBEATS,2026-05-30,2019.4583,1903.1523,short,1568.7677,short,1
ETH,NHITS,2026-05-30,2019.4583,1967.4508,short,1568.7677,short,1
ETH,MLP,2026-05-30,2019.4583,1964.212,short,1568.7677,short,1
ETH,TiDE,2026-05-30,2019.4583,2078.9304,long,1568.7677,short,0
ETH,TimesFM,2026-05-30,2019.4583,2000.3875,short,1568.7677,short,1
ETH,TSMixer,2026-06-06,1568.7677,1604.4286,long,1680.2146,long,1
ETH,NBEATS,2026-06-06,1568.7677,1699.4851,long,1680.2146,long,1
ETH,NHITS,2026-06-06,1568.7677,1423.2017,short,1680.2146,long,0
ETH,MLP,2026-06-06,1568.7677,1922.5829,long,1680.2146,long,1
ETH,TiDE,2026-06-06,1568.7677,1637.3655,long,1680.2146,long,1
ETH,TimesFM,2026-06-06,1568.7677,1499.5569,short,1680.2146,long,0
ETH,TSMixer,2026-06-13,1680.2146,1689.074,long,1739.3014,long,1
ETH,NBEATS,2026-06-13,1680.2146,1639.3571,short,1739.3014,long,0
ETH,NHITS,2026-06-13,1680.2146,1304.3545,short,1739.3014,long,0
ETH,MLP,2026-06-13,1680.2146,1655.5522,short,1739.3014,long,0
ETH,TiDE,2026-06-13,1680.2146,1694.7721,long,1739.3014,long,1
ETH,TimesFM,2026-06-13,1680.2146,1679.8802,short,1739.3014,long,0
BRENT,TSMixer,2025-06-21,77.01,71.2008,short,67.77,short,1
BRENT,NBEATS,2025-06-21,77.01,77.9494,long,67.77,short,0
BRENT,NHITS,2025-06-21,77.01,76.6964,short,67.77,short,1
BRENT,MLP,2025-06-21,77.01,71.2567,short,67.77,short,1
BRENT,TiDE,2025-06-21,77.01,71.8005,short,67.77,short,1
BRENT,TimesFM,2025-06-21,77.01,78.2097,long,67.77,short,0
BRENT,TSMixer,2025-06-28,67.77,74.4071,long,68.29,long,1
BRENT,NBEATS,2025-06-28,67.77,73.6818,long,68.29,long,1
BRENT,NHITS,2025-06-28,67.77,73.4059,long,68.29,long,1
BRENT,MLP,2025-06-28,67.77,77.1137,long,68.29,long,1
BRENT,TiDE,2025-06-28,67.77,72.1805,long,68.29,long,1
BRENT,TimesFM,2025-06-28,67.77,67.9356,long,68.29,long,1
BRENT,TSMixer,2025-07-05,68.29,74.7137,long,70.36,long,1
BRENT,NBEATS,2025-07-05,68.29,66.8538,short,70.36,long,0
BRENT,NHITS,2025-07-05,68.29,65.6387,short,70.36,long,0
BRENT,MLP,2025-07-05,68.29,73.1904,long,70.36,long,1
BRENT,TiDE,2025-07-05,68.29,70.8892,long,70.36,long,1
BRENT,TimesFM,2025-07-05,68.29,68.3295,long,70.36,long,1
BRENT,TSMixer,2025-07-12,70.36,73.3573,long,69.28,short,0
BRENT,NBEATS,2025-07-12,70.36,69.1201,short,69.28,short,1
BRENT,NHITS,2025-07-12,70.36,68.5594,short,69.28,short,1
BRENT,MLP,2025-07-12,70.36,72.0461,long,69.28,short,0
BRENT,TiDE,2025-07-12,70.36,67.9729,short,69.28,short,1
BRENT,TimesFM,2025-07-12,70.36,70.4669,long,69.28,short,0
BRENT,TSMixer,2025-07-19,69.28,72.9142,long,68.44,short,0
BRENT,NBEATS,2025-07-19,69.28,70.7665,long,68.44,short,0
BRENT,NHITS,2025-07-19,69.28,68.1484,short,68.44,short,1
BRENT,MLP,2025-07-19,69.28,72.8091,long,68.44,short,0
BRENT,TiDE,2025-07-19,69.28,67.6663,short,68.44,short,1
BRENT,TimesFM,2025-07-19,69.28,69.0949,short,68.44,short,1
BRENT,TSMixer,2025-07-26,68.44,73.1058,long,69.67,long,1
BRENT,NBEATS,2025-07-26,68.44,67.1186,short,69.67,long,0
BRENT,NHITS,2025-07-26,68.44,66.5884,short,69.67,long,0
BRENT,MLP,2025-07-26,68.44,71.7579,long,69.67,long,1
BRENT,TiDE,2025-07-26,68.44,65.3572,short,69.67,long,0
BRENT,TimesFM,2025-07-26,68.44,68.028,short,69.67,long,0
BRENT,TSMixer,2025-08-02,69.67,72.1377,long,66.59,short,0
BRENT,NBEATS,2025-08-02,69.67,68.4134,short,66.59,short,1
BRENT,NHITS,2025-08-02,69.67,69.7204,long,66.59,short,0
BRENT,MLP,2025-08-02,69.67,71.796,long,66.59,short,0
BRENT,TiDE,2025-08-02,69.67,67.4183,short,66.59,short,1
BRENT,TimesFM,2025-08-02,69.67,68.9308,short,66.59,short,1
BRENT,TSMixer,2025-08-09,66.59,71.8698,long,65.85,short,0
BRENT,NBEATS,2025-08-09,66.59,69.5302,long,65.85,short,0
BRENT,NHITS,2025-08-09,66.59,72.0554,long,65.85,short,0
BRENT,MLP,2025-08-09,66.59,75.538,long,65.85,short,0
BRENT,TiDE,2025-08-09,66.59,70.7583,long,65.85,short,0
BRENT,TimesFM,2025-08-09,66.59,66.1864,short,65.85,short,1
BRENT,TSMixer,2025-08-16,65.85,69.7318,long,67.73,long,1
BRENT,NBEATS,2025-08-16,65.85,64.4214,short,67.73,long,0
BRENT,NHITS,2025-08-16,65.85,64.3087,short,67.73,long,0
BRENT,MLP,2025-08-16,65.85,73.009,long,67.73,long,1
BRENT,TiDE,2025-08-16,65.85,70.1896,long,67.73,long,1
BRENT,TimesFM,2025-08-16,65.85,64.9321,short,67.73,long,0
BRENT,TSMixer,2025-08-23,67.73,69.1647,long,68.12,long,1
BRENT,NBEATS,2025-08-23,67.73,66.3156,short,68.12,long,0
BRENT,NHITS,2025-08-23,67.73,63.5228,short,68.12,long,0
BRENT,MLP,2025-08-23,67.73,71.3245,long,68.12,long,1
BRENT,TiDE,2025-08-23,67.73,68.1814,long,68.12,long,1
BRENT,TimesFM,2025-08-23,67.73,67.0505,short,68.12,long,0
BRENT,TSMixer,2025-08-30,68.12,67.0625,short,65.5,short,1
BRENT,NBEATS,2025-08-30,68.12,66.7721,short,65.5,short,1
BRENT,NHITS,2025-08-30,68.12,66.273,short,65.5,short,1
BRENT,MLP,2025-08-30,68.12,70.2327,long,65.5,short,0
BRENT,TiDE,2025-08-30,68.12,70.7004,long,65.5,short,0
BRENT,TimesFM,2025-08-30,68.12,67.8251,short,65.5,short,1
BRENT,TSMixer,2025-09-06,65.5,70.3856,long,66.99,long,1
BRENT,NBEATS,2025-09-06,65.5,65.5938,long,66.99,long,1
BRENT,NHITS,2025-09-06,65.5,64.0489,short,66.99,long,0
BRENT,MLP,2025-09-06,65.5,71.5378,long,66.99,long,1
BRENT,TiDE,2025-09-06,65.5,70.9055,long,66.99,long,1
BRENT,TimesFM,2025-09-06,65.5,65.285,short,66.99,long,0
BRENT,TSMixer,2025-09-13,66.99,68.1339,long,66.68,short,0
BRENT,NBEATS,2025-09-13,66.99,64.838,short,66.68,short,1
BRENT,NHITS,2025-09-13,66.99,63.5428,short,66.68,short,1
BRENT,MLP,2025-09-13,66.99,68.6934,long,66.68,short,0
BRENT,TiDE,2025-09-13,66.99,70.3284,long,66.68,short,0
BRENT,TimesFM,2025-09-13,66.99,65.9909,short,66.68,short,1
BRENT,TSMixer,2025-09-20,66.68,65.6376,short,70.13,long,0
BRENT,NBEATS,2025-09-20,66.68,65.3066,short,70.13,long,0
BRENT,NHITS,2025-09-20,66.68,62.3817,short,70.13,long,0
BRENT,MLP,2025-09-20,66.68,65.725,short,70.13,long,0
BRENT,TiDE,2025-09-20,66.68,67.6092,long,70.13,long,1
BRENT,TimesFM,2025-09-20,66.68,65.9807,short,70.13,long,0
BRENT,TSMixer,2025-09-27,70.13,66.2817,short,64.53,short,1
BRENT,NBEATS,2025-09-27,70.13,70.3682,long,64.53,short,0
BRENT,NHITS,2025-09-27,70.13,68.6553,short,64.53,short,1
BRENT,MLP,2025-09-27,70.13,65.9423,short,64.53,short,1
BRENT,TiDE,2025-09-27,70.13,67.1746,short,64.53,short,1
BRENT,TimesFM,2025-09-27,70.13,69.8077,short,64.53,short,1
BRENT,TSMixer,2025-10-04,64.53,65.3412,long,62.73,short,0
BRENT,NBEATS,2025-10-04,64.53,67.2898,long,62.73,short,0
BRENT,NHITS,2025-10-04,64.53,66.8306,long,62.73,short,0
BRENT,MLP,2025-10-04,64.53,68.1989,long,62.73,short,0
BRENT,TiDE,2025-10-04,64.53,67.2737,long,62.73,short,0
BRENT,TimesFM,2025-10-04,64.53,64.4677,short,62.73,short,1
BRENT,TSMixer,2025-10-11,62.73,65.3711,long,61.29,short,0
BRENT,NBEATS,2025-10-11,62.73,60.6324,short,61.29,short,1
BRENT,NHITS,2025-10-11,62.73,61.1482,short,61.29,short,1
BRENT,MLP,2025-10-11,62.73,66.7029,long,61.29,short,0
BRENT,TiDE,2025-10-11,62.73,62.6156,short,61.29,short,1
BRENT,TimesFM,2025-10-11,62.73,62.8656,long,61.29,short,0
BRENT,TSMixer,2025-10-18,61.29,64.1633,long,65.94,long,1
BRENT,NBEATS,2025-10-18,61.29,60.6384,short,65.94,long,0
BRENT,NHITS,2025-10-18,61.29,62.1787,long,65.94,long,1
BRENT,MLP,2025-10-18,61.29,66.6003,long,65.94,long,1
BRENT,TiDE,2025-10-18,61.29,60.2489,short,65.94,long,0
BRENT,TimesFM,2025-10-18,61.29,61.2393,short,65.94,long,0
BRENT,TSMixer,2025-10-25,65.94,64.2592,short,65.07,short,1
BRENT,NBEATS,2025-10-25,65.94,63.6797,short,65.07,short,1
BRENT,NHITS,2025-10-25,65.94,64.1351,short,65.07,short,1
BRENT,MLP,2025-10-25,65.94,63.8521,short,65.07,short,1
BRENT,TiDE,2025-10-25,65.94,62.0565,short,65.07,short,1
BRENT,TimesFM,2025-10-25,65.94,64.6227,short,65.07,short,1
BRENT,TSMixer,2025-11-01,65.07,64.5878,short,63.63,short,1
BRENT,NBEATS,2025-11-01,65.07,65.1758,long,63.63,short,0
BRENT,NHITS,2025-11-01,65.07,66.5038,long,63.63,short,0
BRENT,MLP,2025-11-01,65.07,67.5664,long,63.63,short,0
BRENT,TiDE,2025-11-01,65.07,64.4997,short,63.63,short,1
BRENT,TimesFM,2025-11-01,65.07,65.0819,long,63.63,short,0
BRENT,TSMixer,2025-11-08,63.63,65.6252,long,64.39,long,1
BRENT,NBEATS,2025-11-08,63.63,63.9396,long,64.39,long,1
BRENT,NHITS,2025-11-08,63.63,64.6391,long,64.39,long,1
BRENT,MLP,2025-11-08,63.63,67.5783,long,64.39,long,1
BRENT,TiDE,2025-11-08,63.63,63.2615,short,64.39,long,0
BRENT,TimesFM,2025-11-08,63.63,63.2946,short,64.39,long,0
BRENT,TSMixer,2025-11-15,64.39,65.1888,long,62.56,short,0
BRENT,NBEATS,2025-11-15,64.39,63.3213,short,62.56,short,1
BRENT,NHITS,2025-11-15,64.39,62.5351,short,62.56,short,1
BRENT,MLP,2025-11-15,64.39,65.9613,long,62.56,short,0
BRENT,TiDE,2025-11-15,64.39,64.249,short,62.56,short,1
BRENT,TimesFM,2025-11-15,64.39,64.1459,short,62.56,short,1
BRENT,TSMixer,2025-11-22,62.56,63.7876,long,63.2,long,1
BRENT,NBEATS,2025-11-22,62.56,61.2834,short,63.2,long,0
BRENT,NHITS,2025-11-22,62.56,62.5455,short,63.2,long,0
BRENT,MLP,2025-11-22,62.56,66.9802,long,63.2,long,1
BRENT,TiDE,2025-11-22,62.56,65.035,long,63.2,long,1
BRENT,TimesFM,2025-11-22,62.56,62.4465,short,63.2,long,0
BRENT,TSMixer,2025-11-29,63.2,64.216,long,63.75,long,1
BRENT,NBEATS,2025-11-29,63.2,61.6744,short,63.75,long,0
BRENT,NHITS,2025-11-29,63.2,63.5938,long,63.75,long,1
BRENT,MLP,2025-11-29,63.2,66.0832,long,63.75,long,1
BRENT,TiDE,2025-11-29,63.2,65.9379,long,63.75,long,1
BRENT,TimesFM,2025-11-29,63.2,63.3013,long,63.75,long,1
BRENT,TSMixer,2025-12-06,63.75,64.7766,long,61.12,short,0
BRENT,NBEATS,2025-12-06,63.75,62.2694,short,61.12,short,1
BRENT,NHITS,2025-12-06,63.75,63.8004,long,61.12,short,0
BRENT,MLP,2025-12-06,63.75,67.0141,long,61.12,short,0
BRENT,TiDE,2025-12-06,63.75,66.4258,long,61.12,short,0
BRENT,TimesFM,2025-12-06,63.75,63.1712,short,61.12,short,1
BRENT,TSMixer,2025-12-13,61.12,65.2561,long,60.47,short,0
BRENT,NBEATS,2025-12-13,61.12,60.9157,short,60.47,short,1
BRENT,NHITS,2025-12-13,61.12,61.5374,long,60.47,short,0
BRENT,MLP,2025-12-13,61.12,67.9694,long,60.47,short,0
BRENT,TiDE,2025-12-13,61.12,68.5577,long,60.47,short,0
BRENT,TimesFM,2025-12-13,61.12,61.3814,long,60.47,short,0
BRENT,TSMixer,2025-12-20,60.47,65.9684,long,60.64,long,1
BRENT,NBEATS,2025-12-20,60.47,59.5525,short,60.64,long,0
BRENT,NHITS,2025-12-20,60.47,59.2264,short,60.64,long,0
BRENT,MLP,2025-12-20,60.47,64.825,long,60.64,long,1
BRENT,TiDE,2025-12-20,60.47,65.8097,long,60.64,long,1
BRENT,TimesFM,2025-12-20,60.47,60.3236,short,60.64,long,0
BRENT,TSMixer,2025-12-27,60.64,62.6743,long,60.75,long,1
BRENT,NBEATS,2025-12-27,60.64,57.5247,short,60.75,long,0
BRENT,NHITS,2025-12-27,60.64,55.8291,short,60.75,long,0
BRENT,MLP,2025-12-27,60.64,62.0447,long,60.75,long,1
BRENT,TiDE,2025-12-27,60.64,62.7352,long,60.75,long,1
BRENT,TimesFM,2025-12-27,60.64,59.9753,short,60.75,long,0
BRENT,TSMixer,2026-01-03,60.75,62.6726,long,63.34,long,1
BRENT,NBEATS,2026-01-03,60.75,59.0695,short,63.34,long,0
BRENT,NHITS,2026-01-03,60.75,58.8752,short,63.34,long,0
BRENT,MLP,2026-01-03,60.75,59.0613,short,63.34,long,0
BRENT,TiDE,2026-01-03,60.75,61.0834,long,63.34,long,1
BRENT,TimesFM,2026-01-03,60.75,60.2787,short,63.34,long,0
BRENT,TSMixer,2026-01-10,63.34,62.1901,short,64.13,long,0
BRENT,NBEATS,2026-01-10,63.34,63.1159,short,64.13,long,0
BRENT,NHITS,2026-01-10,63.34,64.7338,long,64.13,long,1
BRENT,MLP,2026-01-10,63.34,59.4767,short,64.13,long,0
BRENT,TiDE,2026-01-10,63.34,60.826,short,64.13,long,0
BRENT,TimesFM,2026-01-10,63.34,62.4799,short,64.13,long,0
BRENT,TSMixer,2026-01-17,64.13,61.541,short,65.88,long,0
BRENT,NBEATS,2026-01-17,64.13,64.1113,short,65.88,long,0
BRENT,NHITS,2026-01-17,64.13,64.2134,long,65.88,long,1
BRENT,MLP,2026-01-17,64.13,59.0011,short,65.88,long,0
BRENT,TiDE,2026-01-17,64.13,59.861,short,65.88,long,0
BRENT,TimesFM,2026-01-17,64.13,63.914,short,65.88,long,0
BRENT,TSMixer,2026-01-24,65.88,60.8326,short,70.69,long,0
BRENT,NBEATS,2026-01-24,65.88,66.4902,long,70.69,long,1
BRENT,NHITS,2026-01-24,65.88,67.2025,long,70.69,long,1
BRENT,MLP,2026-01-24,65.88,61.6457,short,70.69,long,0
BRENT,TiDE,2026-01-24,65.88,59.6146,short,70.69,long,0
BRENT,TimesFM,2026-01-24,65.88,65.0962,short,70.69,long,0
BRENT,TSMixer,2026-01-31,70.69,62.0724,short,68.05,short,1
BRENT,NBEATS,2026-01-31,70.69,70.9377,long,68.05,short,0
BRENT,NHITS,2026-01-31,70.69,72.4704,long,68.05,short,0
BRENT,MLP,2026-01-31,70.69,65.4048,short,68.05,short,1
BRENT,TiDE,2026-01-31,70.69,64.8307,short,68.05,short,1
BRENT,TimesFM,2026-01-31,70.69,69.2506,short,68.05,short,1
BRENT,TSMixer,2026-02-07,68.05,65.241,short,67.75,short,1
BRENT,NBEATS,2026-02-07,68.05,70.0828,long,67.75,short,0
BRENT,NHITS,2026-02-07,68.05,71.8059,long,67.75,short,0
BRENT,MLP,2026-02-07,68.05,68.5447,long,67.75,short,0
BRENT,TiDE,2026-02-07,68.05,68.6409,long,67.75,short,0
BRENT,TimesFM,2026-02-07,68.05,68.1289,long,67.75,short,0
BRENT,TSMixer,2026-02-14,67.75,68.088,long,71.76,long,1
BRENT,NBEATS,2026-02-14,67.75,69.7748,long,71.76,long,1
BRENT,NHITS,2026-02-14,67.75,69.6082,long,71.76,long,1
BRENT,MLP,2026-02-14,67.75,72.0884,long,71.76,long,1
BRENT,TiDE,2026-02-14,67.75,66.4426,short,71.76,long,0
BRENT,TimesFM,2026-02-14,67.75,66.804,short,71.76,long,0
BRENT,TSMixer,2026-02-21,71.76,68.1048,short,72.48,long,0
BRENT,NBEATS,2026-02-21,71.76,71.2178,short,72.48,long,0
BRENT,NHITS,2026-02-21,71.76,70.8426,short,72.48,long,0
BRENT,MLP,2026-02-21,71.76,70.13,short,72.48,long,0
BRENT,TiDE,2026-02-21,71.76,64.8958,short,72.48,long,0
BRENT,TimesFM,2026-02-21,71.76,70.5493,short,72.48,long,0
BRENT,TSMixer,2026-02-28,72.48,68.952,short,92.69,long,0
BRENT,NBEATS,2026-02-28,72.48,72.6298,long,92.69,long,1
BRENT,NHITS,2026-02-28,72.48,71.2315,short,92.69,long,0
BRENT,MLP,2026-02-28,72.48,67.2042,short,92.69,long,0
BRENT,TiDE,2026-02-28,72.48,66.0363,short,92.69,long,0
BRENT,TimesFM,2026-02-28,72.48,71.6942,short,92.69,long,0
BRENT,TSMixer,2026-03-07,92.69,69.5907,short,103.14,long,0
BRENT,NBEATS,2026-03-07,92.69,90.0573,short,103.14,long,0
BRENT,NHITS,2026-03-07,92.69,88.6045,short,103.14,long,0
BRENT,MLP,2026-03-07,92.69,68.7843,short,103.14,long,0
BRENT,TiDE,2026-03-07,92.69,70.0052,short,103.14,long,0
BRENT,TimesFM,2026-03-07,92.69,89.4066,short,103.14,long,0
BRENT,TSMixer,2026-03-14,103.14,75.3906,short,112.19,long,0
BRENT,NBEATS,2026-03-14,103.14,103.167,long,112.19,long,1
BRENT,NHITS,2026-03-14,103.14,100.2853,short,112.19,long,0
BRENT,MLP,2026-03-14,103.14,71.7706,short,112.19,long,0
BRENT,TiDE,2026-03-14,103.14,75.4893,short,112.19,long,0
BRENT,TimesFM,2026-03-14,103.14,99.0516,short,112.19,long,0
BRENT,TSMixer,2026-03-21,112.19,81.154,short,112.57,long,0
BRENT,NBEATS,2026-03-21,112.19,113.4651,long,112.57,long,1
BRENT,NHITS,2026-03-21,112.19,108.8497,short,112.57,long,0
BRENT,MLP,2026-03-21,112.19,79.0689,short,112.57,long,0
BRENT,TiDE,2026-03-21,112.19,84.7101,short,112.57,long,0
BRENT,TimesFM,2026-03-21,112.19,110.884,short,112.57,long,0
BRENT,TSMixer,2026-03-28,112.57,85.336,short,109.03,short,1
BRENT,NBEATS,2026-03-28,112.57,116.0429,long,109.03,short,0
BRENT,NHITS,2026-03-28,112.57,116.7861,long,109.03,short,0
BRENT,MLP,2026-03-28,112.57,91.5443,short,109.03,short,1
BRENT,TiDE,2026-03-28,112.57,92.5481,short,109.03,short,1
BRENT,TimesFM,2026-03-28,112.57,110.3175,short,109.03,short,1
BRENT,TSMixer,2026-04-04,109.03,93.5294,short,95.2,short,1
BRENT,NBEATS,2026-04-04,109.03,110.0506,long,95.2,short,0
BRENT,NHITS,2026-04-04,109.03,106.2193,short,95.2,short,1
BRENT,MLP,2026-04-04,109.03,99.4658,short,95.2,short,1
BRENT,TiDE,2026-04-04,109.03,95.7472,short,95.2,short,1
BRENT,TimesFM,2026-04-04,109.03,107.9073,short,95.2,short,1
BRENT,TSMixer,2026-04-11,95.2,101.2753,long,90.38,short,0
BRENT,NBEATS,2026-04-11,95.2,104.1741,long,90.38,short,0
BRENT,NHITS,2026-04-11,95.2,107.0181,long,90.38,short,0
BRENT,MLP,2026-04-11,95.2,106.1476,long,90.38,short,0
BRENT,TiDE,2026-04-11,95.2,97.7298,long,90.38,short,0
BRENT,TimesFM,2026-04-11,95.2,94.9517,short,90.38,short,1
BRENT,TSMixer,2026-04-18,90.38,99.9177,long,105.33,long,1
BRENT,NBEATS,2026-04-18,90.38,86.6567,short,105.33,long,0
BRENT,NHITS,2026-04-18,90.38,83.5382,short,105.33,long,0
BRENT,MLP,2026-04-18,90.38,99.7896,long,105.33,long,1
BRENT,TiDE,2026-04-18,90.38,96.2625,long,105.33,long,1
BRENT,TimesFM,2026-04-18,90.38,89.2389,short,105.33,long,0
BRENT,TSMixer,2026-04-25,105.33,94.249,short,108.17,long,0
BRENT,NBEATS,2026-04-25,105.33,95.6527,short,108.17,long,0
BRENT,NHITS,2026-04-25,105.33,89.6594,short,108.17,long,0
BRENT,MLP,2026-04-25,105.33,88.097,short,108.17,long,0
BRENT,TiDE,2026-04-25,105.33,94.8118,short,108.17,long,0
BRENT,TimesFM,2026-04-25,105.33,103.4211,short,108.17,long,0
BRENT,TSMixer,2026-05-02,108.17,98.7328,short,101.29,short,1
BRENT,NBEATS,2026-05-02,108.17,107.4973,short,101.29,short,1
BRENT,NHITS,2026-05-02,108.17,106.6872,short,101.29,short,1
BRENT,MLP,2026-05-02,108.17,92.631,short,101.29,short,1
BRENT,TiDE,2026-05-02,108.17,94.8473,short,101.29,short,1
BRENT,TimesFM,2026-05-02,108.17,106.1581,short,101.29,short,1
BRENT,TSMixer,2026-05-09,101.29,102.2009,long,109.26,long,1
BRENT,NBEATS,2026-05-09,101.29,110.9799,long,109.26,long,1
BRENT,NHITS,2026-05-09,101.29,114.7806,long,109.26,long,1
BRENT,MLP,2026-05-09,101.29,104.5037,long,109.26,long,1
BRENT,TiDE,2026-05-09,101.29,102.0441,long,109.26,long,1
BRENT,TimesFM,2026-05-09,101.29,100.6528,short,109.26,long,0
BRENT,TSMixer,2026-05-16,109.26,101.4174,short,103.54,short,1
BRENT,NBEATS,2026-05-16,109.26,102.8735,short,103.54,short,1
BRENT,NHITS,2026-05-16,109.26,96.4841,short,103.54,short,1
BRENT,MLP,2026-05-16,109.26,99.332,short,103.54,short,1
BRENT,TiDE,2026-05-16,109.26,103.2021,short,103.54,short,1
BRENT,TimesFM,2026-05-16,109.26,107.1164,short,103.54,short,1
BRENT,TSMixer,2026-05-23,103.54,101.3572,short,92.05,short,1
BRENT,NBEATS,2026-05-23,103.54,101.1499,short,92.05,short,1
BRENT,NHITS,2026-05-23,103.54,100.9342,short,92.05,short,1
BRENT,MLP,2026-05-23,103.54,94.822,short,92.05,short,1
BRENT,TiDE,2026-05-23,103.54,104.7254,long,92.05,short,0
BRENT,TimesFM,2026-05-23,103.54,103.4549,short,92.05,short,1
BRENT,TSMixer,2026-05-30,92.05,103.8872,long,93.09,long,1
BRENT,NBEATS,2026-05-30,92.05,99.9483,long,93.09,long,1
BRENT,NHITS,2026-05-30,92.05,99.2436,long,93.09,long,1
BRENT,MLP,2026-05-30,92.05,99.9766,long,93.09,long,1
BRENT,TiDE,2026-05-30,92.05,104.9736,long,93.09,long,1
BRENT,TimesFM,2026-05-30,92.05,92.296,long,93.09,long,1
BRENT,TSMixer,2026-06-06,93.09,97.7162,long,87.33,short,0
BRENT,NBEATS,2026-06-06,93.09,88.9521,short,87.33,short,1
BRENT,NHITS,2026-06-06,93.09,88.1633,short,87.33,short,1
BRENT,MLP,2026-06-06,93.09,91.8104,short,87.33,short,1
BRENT,TiDE,2026-06-06,93.09,102.207,long,87.33,short,0
BRENT,TimesFM,2026-06-06,93.09,93.0528,short,87.33,short,1
BRENT,TSMixer,2026-06-13,87.33,95.152,long,80.59,short,0
BRENT,NBEATS,2026-06-13,87.33,87.8193,long,80.59,short,0
BRENT,NHITS,2026-06-13,87.33,89.609,long,80.59,short,0
BRENT,MLP,2026-06-13,87.33,91.6702,long,80.59,short,0
BRENT,TiDE,2026-06-13,87.33,100.1485,long,80.59,short,0
BRENT,TimesFM,2026-06-13,87.33,86.8143,short,80.59,short,1
